Ticker,Date,AdjClose
NVDA,1999-01-18,0.0375
NVDA,1999-01-25,0.0362
NVDA,1999-02-01,0.0378
NVDA,1999-02-08,0.0398
NVDA,1999-02-15,0.0398
NVDA,1999-02-22,0.0418
NVDA,1999-03-01,0.0401
NVDA,1999-03-08,0.0388
NVDA,1999-03-15,0.04
NVDA,1999-03-22,0.0399
NVDA,1999-03-29,0.0391
NVDA,1999-04-05,0.04
NVDA,1999-04-12,0.0379
NVDA,1999-04-19,0.0329
NVDA,1999-04-26,0.0348
NVDA,1999-05-03,0.0333
NVDA,1999-05-10,0.0343
NVDA,1999-05-17,0.0324
NVDA,1999-05-24,0.0325
NVDA,1999-05-31,0.0325
NVDA,1999-06-07,0.0337
NVDA,1999-06-14,0.0312
NVDA,1999-06-21,0.0326
NVDA,1999-06-28,0.037
NVDA,1999-07-05,0.0404
NVDA,1999-07-12,0.0418
NVDA,1999-07-19,0.037
NVDA,1999-07-26,0.0384
NVDA,1999-08-02,0.0384
NVDA,1999-08-09,0.0432
NVDA,1999-08-16,0.0512
NVDA,1999-08-23,0.0495
NVDA,1999-08-30,0.0509
NVDA,1999-09-06,0.0505
NVDA,1999-09-13,0.0464
NVDA,1999-09-20,0.0345
NVDA,1999-09-27,0.0364
NVDA,1999-10-04,0.0448
NVDA,1999-10-11,0.0407
NVDA,1999-10-18,0.0411
NVDA,1999-10-25,0.0422
NVDA,1999-11-01,0.0538
NVDA,1999-11-08,0.061
NVDA,1999-11-15,0.0817
NVDA,1999-11-22,0.0729
NVDA,1999-11-29,0.0727
NVDA,1999-12-06,0.0723
NVDA,1999-12-13,0.0717
NVDA,1999-12-20,0.0884
NVDA,1999-12-27,0.0894
NVDA,2000-01-03,0.0798
NVDA,2000-01-10,0.0837
NVDA,2000-01-17,0.0853
NVDA,2000-01-24,0.0712
NVDA,2000-01-31,0.0773
NVDA,2000-02-07,0.0953
NVDA,2000-02-14,0.1284
NVDA,2000-02-21,0.1166
NVDA,2000-02-28,0.1122
NVDA,2000-03-06,0.2249
NVDA,2000-03-13,0.1903
NVDA,2000-03-20,0.1776
NVDA,2000-03-27,0.161
NVDA,2000-04-03,0.1954
NVDA,2000-04-10,0.1311
NVDA,2000-04-17,0.1536
NVDA,2000-04-24,0.1698
NVDA,2000-05-01,0.1756
NVDA,2000-05-08,0.152
NVDA,2000-05-15,0.1946
NVDA,2000-05-22,0.2011
NVDA,2000-05-29,0.2507
NVDA,2000-06-05,0.2409
NVDA,2000-06-12,0.2854
NVDA,2000-06-19,0.2822
NVDA,2000-06-26,0.2423
NVDA,2000-07-03,0.2218
NVDA,2000-07-10,0.2813
NVDA,2000-07-17,0.2656
NVDA,2000-07-24,0.2058
NVDA,2000-07-31,0.243
NVDA,2000-08-07,0.2456
NVDA,2000-08-14,0.2935
NVDA,2000-08-21,0.2858
NVDA,2000-08-28,0.303
NVDA,2000-09-04,0.2801
NVDA,2000-09-11,0.2702
NVDA,2000-09-18,0.2692
NVDA,2000-09-25,0.312
NVDA,2000-10-02,0.2608
NVDA,2000-10-09,0.2482
NVDA,2000-10-16,0.2654
NVDA,2000-10-23,0.2334
NVDA,2000-10-30,0.2715
NVDA,2000-11-06,0.2241
NVDA,2000-11-13,0.2415
NVDA,2000-11-20,0.2191
NVDA,2000-11-27,0.1696
NVDA,2000-12-04,0.1896
NVDA,2000-12-11,0.1427
NVDA,2000-12-18,0.1336
NVDA,2000-12-25,0.1249
NVDA,2001-01-01,0.1414
NVDA,2001-01-08,0.1791
NVDA,2001-01-15,0.1984
NVDA,2001-01-22,0.1937
NVDA,2001-01-29,0.1787
NVDA,2001-02-05,0.1689
NVDA,2001-02-12,0.2268
NVDA,2001-02-19,0.2071
NVDA,2001-02-26,0.1661
NVDA,2001-03-05,0.1908
NVDA,2001-03-12,0.2272
NVDA,2001-03-19,0.2554
NVDA,2001-03-26,0.2474
NVDA,2001-04-02,0.2389
NVDA,2001-04-09,0.2677
NVDA,2001-04-16,0.3314
NVDA,2001-04-23,0.3011
NVDA,2001-04-30,0.3423
NVDA,2001-05-07,0.2978
NVDA,2001-05-14,0.3289
NVDA,2001-05-21,0.3495
NVDA,2001-05-28,0.3443
NVDA,2001-06-04,0.3687
NVDA,2001-06-11,0.3623
NVDA,2001-06-18,0.348
NVDA,2001-06-25,0.3535
NVDA,2001-07-02,0.3076
NVDA,2001-07-09,0.3086
NVDA,2001-07-16,0.2854
NVDA,2001-07-23,0.3087
NVDA,2001-07-30,0.3323
NVDA,2001-08-06,0.3226
NVDA,2001-08-13,0.3193
NVDA,2001-08-20,0.325
NVDA,2001-08-27,0.3228
NVDA,2001-09-03,0.2974
NVDA,2001-09-10,0.2887
NVDA,2001-09-17,0.2056
NVDA,2001-09-24,0.2094
NVDA,2001-10-01,0.2508
NVDA,2001-10-08,0.3082
NVDA,2001-10-15,0.3381
NVDA,2001-10-22,0.349
NVDA,2001-10-29,0.3596
NVDA,2001-11-05,0.4055
NVDA,2001-11-12,0.4001
NVDA,2001-11-19,0.3807
NVDA,2001-11-26,0.4165
NVDA,2001-12-03,0.457
NVDA,2001-12-10,0.5003
NVDA,2001-12-17,0.4923
NVDA,2001-12-24,0.5161
NVDA,2001-12-31,0.5307
NVDA,2002-01-07,0.4807
NVDA,2002-01-14,0.4863
NVDA,2002-01-21,0.499
NVDA,2002-01-28,0.4888
NVDA,2002-02-04,0.44
NVDA,2002-02-11,0.4371
NVDA,2002-02-18,0.3805
NVDA,2002-02-25,0.4264
NVDA,2002-03-04,0.4443
NVDA,2002-03-11,0.4022
NVDA,2002-03-18,0.3702
NVDA,2002-03-25,0.3381
NVDA,2002-04-01,0.3209
NVDA,2002-04-08,0.2796
NVDA,2002-04-15,0.2814
NVDA,2002-04-22,0.2315
NVDA,2002-04-29,0.2496
NVDA,2002-05-06,0.243
NVDA,2002-05-13,0.2986
NVDA,2002-05-20,0.267
NVDA,2002-05-27,0.255
NVDA,2002-06-03,0.2462
NVDA,2002-06-10,0.2148
NVDA,2002-06-17,0.1727
NVDA,2002-06-24,0.131
NVDA,2002-07-01,0.1448
NVDA,2002-07-08,0.1518
NVDA,2002-07-15,0.1382
NVDA,2002-07-22,0.1121
NVDA,2002-07-29,0.0713
NVDA,2002-08-05,0.0701
NVDA,2002-08-12,0.0815
NVDA,2002-08-19,0.0876
NVDA,2002-08-26,0.077
NVDA,2002-09-02,0.0706
NVDA,2002-09-09,0.0806
NVDA,2002-09-16,0.0702
NVDA,2002-09-23,0.0652
NVDA,2002-09-30,0.062
NVDA,2002-10-07,0.0672
NVDA,2002-10-14,0.0717
NVDA,2002-10-21,0.0846
NVDA,2002-10-28,0.1075
NVDA,2002-11-04,0.0866
NVDA,2002-11-11,0.1027
NVDA,2002-11-18,0.1198
NVDA,2002-11-25,0.1306
NVDA,2002-12-02,0.1077
NVDA,2002-12-09,0.1009
NVDA,2002-12-16,0.0977
NVDA,2002-12-23,0.0911
NVDA,2002-12-30,0.0938
NVDA,2003-01-06,0.0943
NVDA,2003-01-13,0.0819
NVDA,2003-01-20,0.0775
NVDA,2003-01-27,0.0787
NVDA,2003-02-03,0.0744
NVDA,2003-02-10,0.0918
NVDA,2003-02-17,0.098
NVDA,2003-02-24,0.0962
NVDA,2003-03-03,0.0952
NVDA,2003-03-10,0.1023
NVDA,2003-03-17,0.1079
NVDA,2003-03-24,0.1024
NVDA,2003-03-31,0.1021
NVDA,2003-04-07,0.101
NVDA,2003-04-14,0.104
NVDA,2003-04-21,0.1033
NVDA,2003-04-28,0.1212
NVDA,2003-05-05,0.1629
NVDA,2003-05-12,0.1621
NVDA,2003-05-19,0.1591
NVDA,2003-05-26,0.1995
NVDA,2003-06-02,0.1964
NVDA,2003-06-09,0.1789
NVDA,2003-06-16,0.1805
NVDA,2003-06-23,0.172
NVDA,2003-06-30,0.1792
NVDA,2003-07-07,0.1862
NVDA,2003-07-14,0.1621
NVDA,2003-07-21,0.1605
NVDA,2003-07-28,0.1503
NVDA,2003-08-04,0.1181
NVDA,2003-08-11,0.1231
NVDA,2003-08-18,0.1392
NVDA,2003-08-25,0.1385
NVDA,2003-09-01,0.1424
NVDA,2003-09-08,0.1475
NVDA,2003-09-15,0.1512
NVDA,2003-09-22,0.1285
NVDA,2003-09-29,0.1279
NVDA,2003-10-06,0.1275
NVDA,2003-10-13,0.127
NVDA,2003-10-20,0.1304
NVDA,2003-10-27,0.1348
NVDA,2003-11-03,0.1658
NVDA,2003-11-10,0.1537
NVDA,2003-11-17,0.1506
NVDA,2003-11-24,0.1618
NVDA,2003-12-01,0.1557
NVDA,2003-12-08,0.1589
NVDA,2003-12-15,0.1606
NVDA,2003-12-22,0.1733
NVDA,2003-12-29,0.1759
NVDA,2004-01-05,0.1941
NVDA,2004-01-12,0.188
NVDA,2004-01-19,0.176
NVDA,2004-01-26,0.1696
NVDA,2004-02-02,0.1735
NVDA,2004-02-09,0.1776
NVDA,2004-02-16,0.184
NVDA,2004-02-23,0.1696
NVDA,2004-03-01,0.1691
NVDA,2004-03-08,0.1619
NVDA,2004-03-15,0.169
NVDA,2004-03-22,0.1856
NVDA,2004-03-29,0.2005
NVDA,2004-04-05,0.2038
NVDA,2004-04-12,0.18
NVDA,2004-04-19,0.1771
NVDA,2004-04-26,0.1564
NVDA,2004-05-03,0.1683
NVDA,2004-05-10,0.164
NVDA,2004-05-17,0.1616
NVDA,2004-05-24,0.1787
NVDA,2004-05-31,0.167
NVDA,2004-06-07,0.1585
NVDA,2004-06-14,0.1506
NVDA,2004-06-21,0.1544
NVDA,2004-06-28,0.1468
NVDA,2004-07-05,0.1288
NVDA,2004-07-12,0.1157
NVDA,2004-07-19,0.1114
NVDA,2004-07-26,0.1175
NVDA,2004-08-02,0.0719
NVDA,2004-08-09,0.08
NVDA,2004-08-16,0.0941
NVDA,2004-08-23,0.0986
NVDA,2004-08-30,0.0977
NVDA,2004-09-06,0.1072
NVDA,2004-09-13,0.112
NVDA,2004-09-20,0.1071
NVDA,2004-09-27,0.1153
NVDA,2004-10-04,0.1106
NVDA,2004-10-11,0.1023
NVDA,2004-10-18,0.1012
NVDA,2004-10-25,0.1103
NVDA,2004-11-01,0.1345
NVDA,2004-11-08,0.138
NVDA,2004-11-15,0.1445
NVDA,2004-11-22,0.1514
NVDA,2004-11-29,0.158
NVDA,2004-12-06,0.1777
NVDA,2004-12-13,0.1758
NVDA,2004-12-20,0.1758
NVDA,2004-12-27,0.1796
NVDA,2005-01-03,0.1679
NVDA,2005-01-10,0.164
NVDA,2005-01-17,0.1634
NVDA,2005-01-24,0.1744
NVDA,2005-01-31,0.1966
NVDA,2005-02-07,0.1993
NVDA,2005-02-14,0.2155
NVDA,2005-02-21,0.2198
NVDA,2005-02-28,0.2102
NVDA,2005-03-07,0.1918
NVDA,2005-03-14,0.1842
NVDA,2005-03-21,0.1916
NVDA,2005-03-28,0.1794
NVDA,2005-04-04,0.1787
NVDA,2005-04-11,0.1627
NVDA,2005-04-18,0.1695
NVDA,2005-04-25,0.1672
NVDA,2005-05-02,0.1766
NVDA,2005-05-09,0.1931
NVDA,2005-05-16,0.2005
NVDA,2005-05-23,0.2098
NVDA,2005-05-30,0.2157
NVDA,2005-06-06,0.2133
NVDA,2005-06-13,0.2051
NVDA,2005-06-20,0.2065
NVDA,2005-06-27,0.2046
NVDA,2005-07-04,0.2145
NVDA,2005-07-11,0.205
NVDA,2005-07-18,0.1969
NVDA,2005-07-25,0.2063
NVDA,2005-08-01,0.2153
NVDA,2005-08-08,0.2283
NVDA,2005-08-15,0.2226
NVDA,2005-08-22,0.2204
NVDA,2005-08-29,0.2301
NVDA,2005-09-05,0.2454
NVDA,2005-09-12,0.2534
NVDA,2005-09-19,0.2493
NVDA,2005-09-26,0.2613
NVDA,2005-10-03,0.252
NVDA,2005-10-10,0.2441
NVDA,2005-10-17,0.2435
NVDA,2005-10-24,0.2471
NVDA,2005-10-31,0.2596
NVDA,2005-11-07,0.2595
NVDA,2005-11-14,0.2759
NVDA,2005-11-21,0.2902
NVDA,2005-11-28,0.2789
NVDA,2005-12-05,0.277
NVDA,2005-12-12,0.2809
NVDA,2005-12-19,0.2861
NVDA,2005-12-26,0.2787
NVDA,2006-01-02,0.3113
NVDA,2006-01-09,0.324
NVDA,2006-01-16,0.3339
NVDA,2006-01-23,0.3525
NVDA,2006-01-30,0.3355
NVDA,2006-02-06,0.3346
NVDA,2006-02-13,0.3618
NVDA,2006-02-20,0.348
NVDA,2006-02-27,0.3747
NVDA,2006-03-06,0.3612
NVDA,2006-03-13,0.3717
NVDA,2006-03-20,0.396
NVDA,2006-03-27,0.4365
NVDA,2006-04-03,0.4654
NVDA,2006-04-10,0.4512
NVDA,2006-04-17,0.4279
NVDA,2006-04-24,0.4455
NVDA,2006-05-01,0.4769
NVDA,2006-05-08,0.4014
NVDA,2006-05-15,0.3709
NVDA,2006-05-22,0.3654
NVDA,2006-05-29,0.3633
NVDA,2006-06-05,0.3255
NVDA,2006-06-12,0.3302
NVDA,2006-06-19,0.3096
NVDA,2006-06-26,0.3246
NVDA,2006-07-03,0.2953
NVDA,2006-07-10,0.2694
NVDA,2006-07-17,0.2709
NVDA,2006-07-24,0.3456
NVDA,2006-07-31,0.3657
NVDA,2006-08-07,0.3567
NVDA,2006-08-14,0.4171
NVDA,2006-08-21,0.4037
NVDA,2006-08-28,0.4252
NVDA,2006-09-04,0.4223
NVDA,2006-09-11,0.4506
NVDA,2006-09-18,0.4545
NVDA,2006-09-25,0.4511
NVDA,2006-10-02,0.4715
NVDA,2006-10-09,0.5148
NVDA,2006-10-16,0.4846
NVDA,2006-10-23,0.4936
NVDA,2006-10-30,0.497
NVDA,2006-11-06,0.525
NVDA,2006-11-13,0.5537
NVDA,2006-11-20,0.5638
NVDA,2006-11-27,0.5418
NVDA,2006-12-04,0.542
NVDA,2006-12-11,0.5717
NVDA,2006-12-18,0.5645
NVDA,2006-12-25,0.5642
NVDA,2007-01-01,0.5131
NVDA,2007-01-08,0.5371
NVDA,2007-01-15,0.486
NVDA,2007-01-22,0.4798
NVDA,2007-01-29,0.4855
NVDA,2007-02-05,0.4977
NVDA,2007-02-12,0.4988
NVDA,2007-02-19,0.4977
NVDA,2007-02-26,0.4538
NVDA,2007-03-05,0.4651
NVDA,2007-03-12,0.4322
NVDA,2007-03-19,0.4618
NVDA,2007-03-26,0.4387
NVDA,2007-04-02,0.4711
NVDA,2007-04-09,0.4662
NVDA,2007-04-16,0.4862
NVDA,2007-04-23,0.5041
NVDA,2007-04-30,0.5139
NVDA,2007-05-07,0.5357
NVDA,2007-05-14,0.5339
NVDA,2007-05-21,0.5131
NVDA,2007-05-28,0.5317
NVDA,2007-06-04,0.5572
NVDA,2007-06-11,0.6029
NVDA,2007-06-18,0.665
NVDA,2007-06-25,0.6298
NVDA,2007-07-02,0.6673
NVDA,2007-07-09,0.6993
NVDA,2007-07-16,0.6875
NVDA,2007-07-23,0.6746
NVDA,2007-07-30,0.6485
NVDA,2007-08-06,0.6706
NVDA,2007-08-13,0.6872
NVDA,2007-08-20,0.7356
NVDA,2007-08-27,0.7799
NVDA,2007-09-03,0.7722
NVDA,2007-09-10,0.7375
NVDA,2007-09-17,0.7887
NVDA,2007-09-24,0.8287
NVDA,2007-10-01,0.8445
NVDA,2007-10-08,0.8262
NVDA,2007-10-15,0.855
NVDA,2007-10-22,0.7866
NVDA,2007-10-29,0.8401
NVDA,2007-11-05,0.7629
NVDA,2007-11-12,0.742
NVDA,2007-11-19,0.6911
NVDA,2007-11-26,0.7212
NVDA,2007-12-03,0.7747
NVDA,2007-12-10,0.802
NVDA,2007-12-17,0.804
NVDA,2007-12-24,0.7956
NVDA,2007-12-31,0.686
NVDA,2008-01-07,0.6186
NVDA,2008-01-14,0.568
NVDA,2008-01-21,0.5705
NVDA,2008-01-28,0.6142
NVDA,2008-02-04,0.5715
NVDA,2008-02-11,0.5093
NVDA,2008-02-18,0.5104
NVDA,2008-02-25,0.4891
NVDA,2008-03-03,0.4471
NVDA,2008-03-10,0.4189
NVDA,2008-03-17,0.4235
NVDA,2008-03-24,0.45
NVDA,2008-03-31,0.4294
NVDA,2008-04-07,0.4237
NVDA,2008-04-14,0.4349
NVDA,2008-04-21,0.4608
NVDA,2008-04-28,0.515
NVDA,2008-05-05,0.5152
NVDA,2008-05-12,0.5582
NVDA,2008-05-19,0.5285
NVDA,2008-05-26,0.5648
NVDA,2008-06-02,0.5502
NVDA,2008-06-09,0.4873
NVDA,2008-06-16,0.4519
NVDA,2008-06-23,0.4409
NVDA,2008-06-30,0.2856
NVDA,2008-07-07,0.2669
NVDA,2008-07-14,0.2643
NVDA,2008-07-21,0.2643
NVDA,2008-07-28,0.2479
NVDA,2008-08-04,0.2515
NVDA,2008-08-11,0.2964
NVDA,2008-08-18,0.3112
NVDA,2008-08-25,0.289
NVDA,2008-09-01,0.2669
NVDA,2008-09-08,0.233
NVDA,2008-09-15,0.2609
NVDA,2008-09-22,0.2673
NVDA,2008-09-29,0.2065
NVDA,2008-10-06,0.1557
NVDA,2008-10-13,0.1749
NVDA,2008-10-20,0.1512
NVDA,2008-10-27,0.2003
NVDA,2008-11-03,0.1994
NVDA,2008-11-10,0.164
NVDA,2008-11-17,0.1459
NVDA,2008-11-24,0.1708
NVDA,2008-12-01,0.1683
NVDA,2008-12-08,0.1967
NVDA,2008-12-15,0.1948
NVDA,2008-12-22,0.1717
NVDA,2008-12-29,0.1992
NVDA,2009-01-05,0.1813
NVDA,2009-01-12,0.1827
NVDA,2009-01-19,0.1763
NVDA,2009-01-26,0.1818
NVDA,2009-02-02,0.2257
NVDA,2009-02-09,0.19
NVDA,2009-02-16,0.174
NVDA,2009-02-23,0.1893
NVDA,2009-03-02,0.1919
NVDA,2009-03-09,0.2241
NVDA,2009-03-16,0.2179
NVDA,2009-03-23,0.2392
NVDA,2009-03-30,0.2589
NVDA,2009-04-06,0.2753
NVDA,2009-04-13,0.2689
NVDA,2009-04-20,0.2614
NVDA,2009-04-27,0.2669
NVDA,2009-05-04,0.2115
NVDA,2009-05-11,0.1999
NVDA,2009-05-18,0.2246
NVDA,2009-05-25,0.2385
NVDA,2009-06-01,0.2477
NVDA,2009-06-08,0.2632
NVDA,2009-06-15,0.2557
NVDA,2009-06-22,0.2646
NVDA,2009-06-29,0.2493
NVDA,2009-07-06,0.2371
NVDA,2009-07-13,0.276
NVDA,2009-07-20,0.2964
NVDA,2009-07-27,0.2957
NVDA,2009-08-03,0.3135
NVDA,2009-08-10,0.3069
NVDA,2009-08-17,0.3185
NVDA,2009-08-24,0.3368
NVDA,2009-08-31,0.3455
NVDA,2009-09-07,0.3732
NVDA,2009-09-14,0.348
NVDA,2009-09-21,0.3316
NVDA,2009-09-28,0.3167
NVDA,2009-10-05,0.324
NVDA,2009-10-12,0.3023
NVDA,2009-10-19,0.3007
NVDA,2009-10-26,0.2735
NVDA,2009-11-02,0.3009
NVDA,2009-11-09,0.3101
NVDA,2009-11-16,0.295
NVDA,2009-11-23,0.2925
NVDA,2009-11-30,0.3261
NVDA,2009-12-07,0.3478
NVDA,2009-12-14,0.3846
NVDA,2009-12-21,0.4137
NVDA,2009-12-28,0.4272
NVDA,2010-01-04,0.4242
NVDA,2010-01-11,0.3913
NVDA,2010-01-18,0.3764
NVDA,2010-01-25,0.3519
NVDA,2010-02-01,0.3709
NVDA,2010-02-08,0.3967
NVDA,2010-02-15,0.3791
NVDA,2010-02-22,0.3705
NVDA,2010-03-01,0.3926
NVDA,2010-03-08,0.3945
NVDA,2010-03-15,0.3945
NVDA,2010-03-22,0.3965
NVDA,2010-03-29,0.3938
NVDA,2010-04-05,0.3885
NVDA,2010-04-12,0.3901
NVDA,2010-04-19,0.3759
NVDA,2010-04-26,0.3592
NVDA,2010-05-03,0.3192
NVDA,2010-05-10,0.2964
NVDA,2010-05-17,0.2911
NVDA,2010-05-24,0.3005
NVDA,2010-05-31,0.2767
NVDA,2010-06-07,0.2655
NVDA,2010-06-14,0.2813
NVDA,2010-06-21,0.2534
NVDA,2010-06-28,0.2344
NVDA,2010-07-05,0.2367
NVDA,2010-07-12,0.2298
NVDA,2010-07-19,0.2369
NVDA,2010-07-26,0.2102
NVDA,2010-08-02,0.2184
NVDA,2010-08-09,0.2147
NVDA,2010-08-16,0.228
NVDA,2010-08-23,0.2314
NVDA,2010-08-30,0.2264
NVDA,2010-09-06,0.2303
NVDA,2010-09-13,0.2413
NVDA,2010-09-20,0.2804
NVDA,2010-09-27,0.2595
NVDA,2010-10-04,0.2483
NVDA,2010-10-11,0.2582
NVDA,2010-10-18,0.2698
NVDA,2010-10-25,0.2749
NVDA,2010-11-01,0.2884
NVDA,2010-11-08,0.3032
NVDA,2010-11-15,0.3144
NVDA,2010-11-22,0.311
NVDA,2010-11-29,0.3382
NVDA,2010-12-06,0.3419
NVDA,2010-12-13,0.3286
NVDA,2010-12-20,0.3412
NVDA,2010-12-27,0.3522
NVDA,2011-01-03,0.4544
NVDA,2011-01-10,0.5394
NVDA,2011-01-17,0.5081
NVDA,2011-01-24,0.5433
NVDA,2011-01-31,0.587
NVDA,2011-02-07,0.5367
NVDA,2011-02-14,0.5861
NVDA,2011-02-21,0.5287
NVDA,2011-02-28,0.4747
NVDA,2011-03-07,0.4128
NVDA,2011-03-14,0.4029
NVDA,2011-03-21,0.426
NVDA,2011-03-28,0.4162
NVDA,2011-04-04,0.4013
NVDA,2011-04-11,0.4278
NVDA,2011-04-18,0.4235
NVDA,2011-04-25,0.4573
NVDA,2011-05-02,0.4418
NVDA,2011-05-09,0.4176
NVDA,2011-05-16,0.4137
NVDA,2011-05-23,0.4459
NVDA,2011-05-30,0.4221
NVDA,2011-06-06,0.3915
NVDA,2011-06-13,0.3615
NVDA,2011-06-20,0.3599
NVDA,2011-06-27,0.3693
NVDA,2011-07-04,0.3528
NVDA,2011-07-11,0.3224
NVDA,2011-07-18,0.343
NVDA,2011-07-25,0.3163
NVDA,2011-08-01,0.2961
NVDA,2011-08-08,0.2945
NVDA,2011-08-15,0.2682
NVDA,2011-08-22,0.2975
NVDA,2011-08-29,0.2954
NVDA,2011-09-05,0.3174
NVDA,2011-09-12,0.3535
NVDA,2011-09-19,0.3153
NVDA,2011-09-26,0.2861
NVDA,2011-10-03,0.3236
NVDA,2011-10-10,0.3595
NVDA,2011-10-17,0.3311
NVDA,2011-10-24,0.3567
NVDA,2011-10-31,0.3389
NVDA,2011-11-07,0.3426
NVDA,2011-11-14,0.3185
NVDA,2011-11-21,0.3211
NVDA,2011-11-28,0.3595
NVDA,2011-12-05,0.3407
NVDA,2011-12-12,0.3089
NVDA,2011-12-19,0.324
NVDA,2011-12-26,0.3169
NVDA,2012-01-02,0.3325
NVDA,2012-01-09,0.314
NVDA,2012-01-16,0.3252
NVDA,2012-01-23,0.341
NVDA,2012-01-30,0.3618
NVDA,2012-02-06,0.3636
NVDA,2012-02-13,0.3624
NVDA,2012-02-20,0.3611
NVDA,2012-02-27,0.3517
NVDA,2012-03-05,0.3389
NVDA,2012-03-12,0.3339
NVDA,2012-03-19,0.3327
NVDA,2012-03-26,0.3522
NVDA,2012-04-02,0.3345
NVDA,2012-04-09,0.3238
NVDA,2012-04-16,0.3062
NVDA,2012-04-23,0.2968
NVDA,2012-04-30,0.2804
NVDA,2012-05-07,0.3021
NVDA,2012-05-14,0.2762
NVDA,2012-05-21,0.2836
NVDA,2012-05-28,0.274
NVDA,2012-06-04,0.2772
NVDA,2012-06-11,0.281
NVDA,2012-06-18,0.2973
NVDA,2012-06-25,0.316
NVDA,2012-07-02,0.3064
NVDA,2012-07-09,0.2872
NVDA,2012-07-16,0.2929
NVDA,2012-07-23,0.3083
NVDA,2012-07-30,0.3137
NVDA,2012-08-06,0.3343
NVDA,2012-08-13,0.335
NVDA,2012-08-20,0.3339
NVDA,2012-08-27,0.3208
NVDA,2012-09-03,0.3064
NVDA,2012-09-10,0.3165
NVDA,2012-09-17,0.3126
NVDA,2012-09-24,0.3051
NVDA,2012-10-01,0.3041
NVDA,2012-10-08,0.2888
NVDA,2012-10-15,0.2769
NVDA,2012-10-22,0.2756
NVDA,2012-10-29,0.2856
NVDA,2012-11-05,0.2788
NVDA,2012-11-12,0.2602
NVDA,2012-11-19,0.2739
NVDA,2012-11-26,0.2755
NVDA,2012-12-03,0.2753
NVDA,2012-12-10,0.2898
NVDA,2012-12-17,0.2842
NVDA,2012-12-24,0.2785
NVDA,2012-12-31,0.3026
NVDA,2013-01-07,0.281
NVDA,2013-01-14,0.2801
NVDA,2013-01-21,0.2856
NVDA,2013-01-28,0.2847
NVDA,2013-02-04,0.2847
NVDA,2013-02-11,0.293
NVDA,2013-02-18,0.2881
NVDA,2013-02-25,0.2943
NVDA,2013-03-04,0.2969
NVDA,2013-03-11,0.2927
NVDA,2013-03-18,0.289
NVDA,2013-03-25,0.2971
NVDA,2013-04-01,0.2885
NVDA,2013-04-08,0.3031
NVDA,2013-04-15,0.2911
NVDA,2013-04-22,0.3105
NVDA,2013-04-29,0.3212
NVDA,2013-05-06,0.3367
NVDA,2013-05-13,0.3443
NVDA,2013-05-20,0.3384
NVDA,2013-05-27,0.3368
NVDA,2013-06-03,0.3363
NVDA,2013-06-10,0.334
NVDA,2013-06-17,0.3356
NVDA,2013-06-24,0.3268
NVDA,2013-07-01,0.3314
NVDA,2013-07-08,0.3407
NVDA,2013-07-15,0.3314
NVDA,2013-07-22,0.3305
NVDA,2013-07-29,0.3435
NVDA,2013-08-05,0.3372
NVDA,2013-08-12,0.3535
NVDA,2013-08-19,0.3499
NVDA,2013-08-26,0.345
NVDA,2013-09-02,0.3481
NVDA,2013-09-09,0.3696
NVDA,2013-09-16,0.3693
NVDA,2013-09-23,0.3644
NVDA,2013-09-30,0.3647
NVDA,2013-10-07,0.3569
NVDA,2013-10-14,0.3698
NVDA,2013-10-21,0.3565
NVDA,2013-10-28,0.3569
NVDA,2013-11-04,0.364
NVDA,2013-11-11,0.3782
NVDA,2013-11-18,0.357
NVDA,2013-11-25,0.3669
NVDA,2013-12-02,0.3638
NVDA,2013-12-09,0.3532
NVDA,2013-12-16,0.369
NVDA,2013-12-23,0.3706
NVDA,2013-12-30,0.3685
NVDA,2014-01-06,0.3699
NVDA,2014-01-13,0.376
NVDA,2014-01-20,0.3659
NVDA,2014-01-27,0.3692
NVDA,2014-02-03,0.3732
NVDA,2014-02-10,0.4212
NVDA,2014-02-17,0.4384
NVDA,2014-02-24,0.4342
NVDA,2014-03-03,0.4337
NVDA,2014-03-10,0.421
NVDA,2014-03-17,0.438
NVDA,2014-03-24,0.4229
NVDA,2014-03-31,0.4288
NVDA,2014-04-07,0.4281
NVDA,2014-04-14,0.4385
NVDA,2014-04-21,0.4425
NVDA,2014-04-28,0.4354
NVDA,2014-05-05,0.4264
NVDA,2014-05-12,0.4243
NVDA,2014-05-19,0.4388
NVDA,2014-05-26,0.4509
NVDA,2014-06-02,0.4516
NVDA,2014-06-09,0.4637
NVDA,2014-06-16,0.4493
NVDA,2014-06-23,0.4362
NVDA,2014-06-30,0.4474
NVDA,2014-07-07,0.4521
NVDA,2014-07-14,0.4376
NVDA,2014-07-21,0.4222
NVDA,2014-07-28,0.4198
NVDA,2014-08-04,0.4509
NVDA,2014-08-11,0.4519
NVDA,2014-08-18,0.4548
NVDA,2014-08-25,0.4636
NVDA,2014-09-01,0.476
NVDA,2014-09-08,0.4558
NVDA,2014-09-15,0.4548
NVDA,2014-09-22,0.4422
NVDA,2014-09-29,0.4346
NVDA,2014-10-06,0.4017
NVDA,2014-10-13,0.4153
NVDA,2014-10-20,0.4405
NVDA,2014-10-27,0.4658
NVDA,2014-11-03,0.4717
NVDA,2014-11-10,0.4717
NVDA,2014-11-17,0.4895
NVDA,2014-11-24,0.502
NVDA,2014-12-01,0.5044
NVDA,2014-12-08,0.4699
NVDA,2014-12-15,0.4888
NVDA,2014-12-22,0.4929
NVDA,2014-12-29,0.4819
NVDA,2015-01-05,0.4773
NVDA,2015-01-12,0.4778
NVDA,2015-01-19,0.4958
NVDA,2015-01-26,0.4596
NVDA,2015-02-02,0.4883
NVDA,2015-02-09,0.5341
NVDA,2015-02-16,0.5348
NVDA,2015-02-23,0.5301
NVDA,2015-03-02,0.5419
NVDA,2015-03-09,0.5455
NVDA,2015-03-16,0.564
NVDA,2015-03-23,0.5138
NVDA,2015-03-30,0.5061
NVDA,2015-04-06,0.5469
NVDA,2015-04-13,0.5335
NVDA,2015-04-20,0.5294
NVDA,2015-04-27,0.5467
NVDA,2015-05-04,0.5006
NVDA,2015-05-11,0.5119
NVDA,2015-05-18,0.5036
NVDA,2015-05-25,0.5343
NVDA,2015-06-01,0.5374
NVDA,2015-06-08,0.5096
NVDA,2015-06-15,0.528
NVDA,2015-06-22,0.5007
NVDA,2015-06-29,0.493
NVDA,2015-07-06,0.4768
NVDA,2015-07-13,0.4845
NVDA,2015-07-20,0.4688
NVDA,2015-07-27,0.4816
NVDA,2015-08-03,0.5548
NVDA,2015-08-10,0.5683
NVDA,2015-08-17,0.5205
NVDA,2015-08-24,0.5511
NVDA,2015-08-31,0.5273
NVDA,2015-09-07,0.5491
NVDA,2015-09-14,0.5646
NVDA,2015-09-21,0.5724
NVDA,2015-09-28,0.6012
NVDA,2015-10-05,0.632
NVDA,2015-10-12,0.6754
NVDA,2015-10-19,0.6931
NVDA,2015-10-26,0.6878
NVDA,2015-11-02,0.7649
NVDA,2015-11-09,0.7225
NVDA,2015-11-16,0.7639
NVDA,2015-11-23,0.7639
NVDA,2015-11-30,0.8213
NVDA,2015-12-07,0.7907
NVDA,2015-12-14,0.7821
NVDA,2015-12-21,0.8072
NVDA,2015-12-28,0.8021
NVDA,2016-01-04,0.7211
NVDA,2016-01-11,0.6597
NVDA,2016-01-18,0.6923
NVDA,2016-01-25,0.7128
NVDA,2016-02-01,0.6432
NVDA,2016-02-08,0.6262
NVDA,2016-02-15,0.7408
NVDA,2016-02-22,0.771
NVDA,2016-02-29,0.795
NVDA,2016-03-07,0.787
NVDA,2016-03-14,0.8258
NVDA,2016-03-21,0.8421
NVDA,2016-03-28,0.8829
NVDA,2016-04-04,0.871
NVDA,2016-04-11,0.9069
NVDA,2016-04-18,0.8859
NVDA,2016-04-25,0.8678
NVDA,2016-05-02,0.8629
NVDA,2016-05-09,1.0009
NVDA,2016-05-16,1.0827
NVDA,2016-05-23,1.124
NVDA,2016-05-30,1.1382
NVDA,2016-06-06,1.1313
NVDA,2016-06-13,1.1441
NVDA,2016-06-20,1.1198
NVDA,2016-06-27,1.1426
NVDA,2016-07-04,1.2452
NVDA,2016-07-11,1.2905
NVDA,2016-07-18,1.3387
NVDA,2016-07-25,1.3982
NVDA,2016-08-01,1.4252
NVDA,2016-08-08,1.5437
NVDA,2016-08-15,1.5246
NVDA,2016-08-22,1.5218
NVDA,2016-08-29,1.534
NVDA,2016-09-05,1.4602
NVDA,2016-09-12,1.5416
NVDA,2016-09-19,1.5934
NVDA,2016-09-26,1.681
NVDA,2016-10-03,1.64
NVDA,2016-10-10,1.6189
NVDA,2016-10-17,1.6569
NVDA,2016-10-24,1.731
NVDA,2016-10-31,1.6577
NVDA,2016-11-07,2.1582
NVDA,2016-11-14,2.2904
NVDA,2016-11-21,2.3135
NVDA,2016-11-28,2.1732
NVDA,2016-12-05,2.256
NVDA,2016-12-12,2.467
NVDA,2016-12-19,2.6972
NVDA,2016-12-26,2.6226
NVDA,2017-01-02,2.5331
NVDA,2017-01-09,2.5412
NVDA,2017-01-16,2.5555
NVDA,2017-01-23,2.7461
NVDA,2017-01-30,2.8103
NVDA,2017-02-06,2.7916
NVDA,2017-02-13,2.6346
NVDA,2017-02-20,2.496
NVDA,2017-02-27,2.4214
NVDA,2017-03-06,2.4384
NVDA,2017-03-13,2.6094
NVDA,2017-03-20,2.6438
NVDA,2017-03-27,2.6797
NVDA,2017-04-03,2.4682
NVDA,2017-04-10,2.3491
NVDA,2017-04-17,2.5014
NVDA,2017-04-24,2.5658
NVDA,2017-05-01,2.555
NVDA,2017-05-08,3.1462
NVDA,2017-05-15,3.3492
NVDA,2017-05-22,3.493
NVDA,2017-05-29,3.5373
NVDA,2017-06-05,3.6841
NVDA,2017-06-12,3.7339
NVDA,2017-06-19,3.7883
NVDA,2017-06-26,3.56
NVDA,2017-07-03,3.6142
NVDA,2017-07-10,4.0621
NVDA,2017-07-17,4.1397
NVDA,2017-07-24,4.0483
NVDA,2017-07-31,4.1178
NVDA,2017-08-07,3.8407
NVDA,2017-08-14,3.9772
NVDA,2017-08-21,4.0376
NVDA,2017-08-28,4.2015
NVDA,2017-09-04,4.0347
NVDA,2017-09-11,4.4394
NVDA,2017-09-18,4.412
NVDA,2017-09-25,4.4064
NVDA,2017-10-02,4.4687
NVDA,2017-10-09,4.7963
NVDA,2017-10-16,4.8532
NVDA,2017-10-23,4.9755
NVDA,2017-10-30,5.1438
NVDA,2017-11-06,5.3275
NVDA,2017-11-13,5.2096
NVDA,2017-11-20,5.3514
NVDA,2017-11-27,4.8758
NVDA,2017-12-04,4.7232
NVDA,2017-12-11,4.7249
NVDA,2017-12-18,4.8164
NVDA,2017-12-25,4.7727
NVDA,2018-01-01,5.3129
NVDA,2018-01-08,5.4999
NVDA,2018-01-15,5.6757
NVDA,2018-01-22,6.0018
NVDA,2018-01-29,5.7598
NVDA,2018-02-05,5.7243
NVDA,2018-02-12,6.0144
NVDA,2018-02-19,6.0697
NVDA,2018-02-26,5.838
NVDA,2018-03-05,6.0549
NVDA,2018-03-12,6.182
NVDA,2018-03-19,5.7498
NVDA,2018-03-26,5.7158
NVDA,2018-04-02,5.2878
NVDA,2018-04-09,5.7136
NVDA,2018-04-16,5.6447
NVDA,2018-04-23,5.586
NVDA,2018-04-30,5.9001
NVDA,2018-05-07,6.282
NVDA,2018-05-14,6.07
NVDA,2018-05-21,6.1562
NVDA,2018-05-28,6.3622
NVDA,2018-06-04,6.4772
NVDA,2018-06-11,6.5508
NVDA,2018-06-18,6.1974
NVDA,2018-06-25,5.8505
NVDA,2018-07-02,6.108
NVDA,2018-07-09,6.1572
NVDA,2018-07-16,6.196
NVDA,2018-07-23,6.2239
NVDA,2018-07-30,6.2258
NVDA,2018-08-06,6.2923
NVDA,2018-08-13,6.046
NVDA,2018-08-20,6.7227
NVDA,2018-08-27,6.9354
NVDA,2018-09-03,6.7175
NVDA,2018-09-10,6.8304
NVDA,2018-09-17,6.5097
NVDA,2018-09-24,6.9438
NVDA,2018-10-01,6.6681
NVDA,2018-10-08,6.0919
NVDA,2018-10-15,5.6627
NVDA,2018-10-22,4.8996
NVDA,2018-10-29,5.3105
NVDA,2018-11-05,5.082
NVDA,2018-11-12,4.063
NVDA,2018-11-19,3.5829
NVDA,2018-11-26,4.0423
NVDA,2018-12-03,3.651
NVDA,2018-12-10,3.6223
NVDA,2018-12-17,3.2048
NVDA,2018-12-24,3.3057
NVDA,2018-12-31,3.3685
NVDA,2019-01-07,3.6812
NVDA,2019-01-14,3.8815
NVDA,2019-01-21,3.9612
NVDA,2019-01-28,3.5798
NVDA,2019-02-04,3.6649
NVDA,2019-02-11,3.8917
NVDA,2019-02-18,3.9374
NVDA,2019-02-25,3.8736
NVDA,2019-03-04,3.7298
NVDA,2019-03-11,4.2044
NVDA,2019-03-18,4.3948
NVDA,2019-03-25,4.4458
NVDA,2019-04-01,4.7278
NVDA,2019-04-08,4.7046
NVDA,2019-04-15,4.6127
NVDA,2019-04-22,4.4094
NVDA,2019-04-29,4.5313
NVDA,2019-05-06,4.1799
NVDA,2019-05-13,3.8756
NVDA,2019-05-20,3.5939
NVDA,2019-05-27,3.3578
NVDA,2019-06-03,3.6066
NVDA,2019-06-10,3.5853
NVDA,2019-06-17,3.7618
NVDA,2019-06-24,4.0709
NVDA,2019-07-01,3.9718
NVDA,2019-07-08,4.1547
NVDA,2019-07-15,4.1753
NVDA,2019-07-22,4.3396
NVDA,2019-07-29,3.9956
NVDA,2019-08-05,3.8218
NVDA,2019-08-12,3.9552
NVDA,2019-08-19,4.0265
NVDA,2019-08-26,4.1563
NVDA,2019-09-02,4.4327
NVDA,2019-09-09,4.5144
NVDA,2019-09-16,4.2849
NVDA,2019-09-23,4.2618
NVDA,2019-09-30,4.5151
NVDA,2019-10-07,4.6149
NVDA,2019-10-14,4.7265
NVDA,2019-10-21,5.0751
NVDA,2019-10-28,5.0267
NVDA,2019-11-04,5.1555
NVDA,2019-11-11,5.0664
NVDA,2019-11-18,5.2327
NVDA,2019-11-25,5.3818
NVDA,2019-12-02,5.2683
NVDA,2019-12-09,5.5618
NVDA,2019-12-16,5.9437
NVDA,2019-12-23,5.8817
NVDA,2019-12-30,5.8618
NVDA,2020-01-06,6.0666
NVDA,2020-01-13,6.1898
NVDA,2020-01-20,6.2196
NVDA,2020-01-27,5.8707
NVDA,2020-02-03,6.2472
NVDA,2020-02-10,7.1957
NVDA,2020-02-17,7.302
NVDA,2020-02-24,6.71
NVDA,2020-03-02,6.6099
NVDA,2020-03-09,5.9838
NVDA,2020-03-16,5.112
NVDA,2020-03-23,6.2792
NVDA,2020-03-30,6.0601
NVDA,2020-04-06,6.5331
NVDA,2020-04-13,7.2629
NVDA,2020-04-20,7.195
NVDA,2020-04-27,7.0258
NVDA,2020-05-04,7.7642
NVDA,2020-05-11,8.4383
NVDA,2020-05-18,8.9705
NVDA,2020-05-25,8.8207
NVDA,2020-06-01,8.8689
NVDA,2020-06-08,8.8814
NVDA,2020-06-15,9.2082
NVDA,2020-06-22,9.1026
NVDA,2020-06-29,9.5572
NVDA,2020-07-06,10.4193
NVDA,2020-07-13,10.1431
NVDA,2020-07-20,10.1361
NVDA,2020-07-27,10.554
NVDA,2020-08-03,11.1354
NVDA,2020-08-10,11.4978
NVDA,2020-08-17,12.6109
NVDA,2020-08-24,13.0725
NVDA,2020-08-31,12.554
NVDA,2020-09-07,12.0985
NVDA,2020-09-14,12.1231
NVDA,2020-09-21,12.8039
NVDA,2020-09-28,12.9914
NVDA,2020-10-05,13.6881
NVDA,2020-10-12,13.7366
NVDA,2020-10-19,13.5165
NVDA,2020-10-26,12.466
NVDA,2020-11-02,14.483
NVDA,2020-11-09,13.2248
NVDA,2020-11-16,13.0167
NVDA,2020-11-23,13.1893
NVDA,2020-11-30,13.4887
NVDA,2020-12-07,12.9465
NVDA,2020-12-14,13.2039
NVDA,2020-12-21,12.9271
NVDA,2020-12-28,12.988
NVDA,2021-01-04,13.2086
NVDA,2021-01-11,12.7935
NVDA,2021-01-18,13.6421
NVDA,2021-01-25,12.9231
NVDA,2021-02-01,13.5212
NVDA,2021-02-08,14.8845
NVDA,2021-02-15,14.8499
NVDA,2021-02-22,13.6441
NVDA,2021-03-01,12.3975
NVDA,2021-03-08,12.7944
NVDA,2021-03-15,12.7842
NVDA,2021-03-22,12.7778
NVDA,2021-03-29,13.7456
NVDA,2021-04-05,14.331
NVDA,2021-04-12,15.8363
NVDA,2021-04-19,15.1921
NVDA,2021-04-26,14.9376
NVDA,2021-05-03,14.7413
NVDA,2021-05-10,14.1748
NVDA,2021-05-17,14.92
NVDA,2021-05-24,16.1667
NVDA,2021-05-31,17.4941
NVDA,2021-06-07,17.744
NVDA,2021-06-14,18.5537
NVDA,2021-06-21,18.9442
NVDA,2021-06-28,20.3936
NVDA,2021-07-05,19.9588
NVDA,2021-07-12,18.0782
NVDA,2021-07-19,19.4688
NVDA,2021-07-26,19.4101
NVDA,2021-08-02,20.2731
NVDA,2021-08-09,20.0959
NVDA,2021-08-16,20.7211
NVDA,2021-08-23,22.5328
NVDA,2021-08-30,22.7428
NVDA,2021-09-06,22.3794
NVDA,2021-09-13,21.804
NVDA,2021-09-20,21.9842
NVDA,2021-09-27,20.651
NVDA,2021-10-04,20.7396
NVDA,2021-10-11,21.7661
NVDA,2021-10-18,22.6263
NVDA,2021-10-25,25.4549
NVDA,2021-11-01,29.6215
NVDA,2021-11-08,30.2567
NVDA,2021-11-15,32.8404
NVDA,2021-11-22,31.3649
NVDA,2021-11-29,30.5621
NVDA,2021-12-06,30.0693
NVDA,2021-12-13,27.6825
NVDA,2021-12-20,29.5136
NVDA,2021-12-27,29.2856
NVDA,2022-01-03,27.1308
NVDA,2022-01-10,26.8271
NVDA,2022-01-17,23.2743
NVDA,2022-01-24,22.7426
NVDA,2022-01-31,24.2153
NVDA,2022-02-07,23.8469
NVDA,2022-02-14,23.5412
NVDA,2022-02-21,24.054
NVDA,2022-02-28,22.8421
NVDA,2022-03-07,22.0095
NVDA,2022-03-14,26.3447
NVDA,2022-03-21,27.5786
NVDA,2022-03-28,26.6026
NVDA,2022-04-04,23.0244
NVDA,2022-04-11,21.171
NVDA,2022-04-18,19.4351
NVDA,2022-04-25,18.4711
NVDA,2022-05-02,18.5986
NVDA,2022-05-09,17.6335
NVDA,2022-05-16,16.6257
NVDA,2022-05-23,18.734
NVDA,2022-05-30,18.6434
NVDA,2022-06-06,16.9081
NVDA,2022-06-13,15.8183
NVDA,2022-06-20,17.0595
NVDA,2022-06-27,14.4666
NVDA,2022-07-04,15.7765
NVDA,2022-07-11,15.7008
NVDA,2022-07-18,17.2518
NVDA,2022-07-25,18.0925
NVDA,2022-08-01,18.9153
NVDA,2022-08-08,18.6364
NVDA,2022-08-15,17.7797
NVDA,2022-08-22,16.1969
NVDA,2022-08-29,13.594
NVDA,2022-09-05,14.3354
NVDA,2022-09-12,13.1507
NVDA,2022-09-19,12.4711
NVDA,2022-09-26,12.0955
NVDA,2022-10-03,12.0327
NVDA,2022-10-10,11.1867
NVDA,2022-10-17,12.4213
NVDA,2022-10-24,13.7844
NVDA,2022-10-31,14.1052
NVDA,2022-11-07,16.2684
NVDA,2022-11-14,15.3537
NVDA,2022-11-21,16.2116
NVDA,2022-11-28,16.8198
NVDA,2022-12-05,16.9443
NVDA,2022-12-12,16.5158
NVDA,2022-12-19,15.1553
NVDA,2022-12-26,14.5653
NVDA,2023-01-02,14.8095
NVDA,2023-01-09,16.8427
NVDA,2023-01-16,17.7796
NVDA,2023-01-23,20.2971
NVDA,2023-01-30,21.0297
NVDA,2023-02-06,21.1941
NVDA,2023-02-13,21.3167
NVDA,2023-02-20,23.2084
NVDA,2023-02-27,23.8104
NVDA,2023-03-06,22.8924
NVDA,2023-03-13,25.6436
NVDA,2023-03-20,26.6943
NVDA,2023-03-27,27.6891
NVDA,2023-04-03,26.9515
NVDA,2023-04-10,26.6734
NVDA,2023-04-17,27.0332
NVDA,2023-04-24,27.6612
NVDA,2023-05-01,28.5893
NVDA,2023-05-08,28.2504
NVDA,2023-05-15,31.1651
NVDA,2023-05-22,38.8228
NVDA,2023-05-29,39.2026
NVDA,2023-06-05,38.6514
NVDA,2023-06-12,42.5614
NVDA,2023-06-19,42.0798
NVDA,2023-06-26,42.1726
NVDA,2023-07-03,42.3729
NVDA,2023-07-10,45.3299
NVDA,2023-07-17,44.1734
NVDA,2023-07-24,46.607
NVDA,2023-07-31,44.5433
NVDA,2023-08-07,40.73
NVDA,2023-08-14,43.1665
NVDA,2023-08-21,45.8772
NVDA,2023-08-28,48.3606
NVDA,2023-09-04,45.4363
NVDA,2023-09-11,43.7693
NVDA,2023-09-18,41.4861
NVDA,2023-09-25,43.3695
NVDA,2023-10-02,45.6257
NVDA,2023-10-09,45.3256
NVDA,2023-10-16,41.2638
NVDA,2023-10-23,40.3794
NVDA,2023-10-30,44.871
NVDA,2023-11-06,48.1911
NVDA,2023-11-13,49.1512
NVDA,2023-11-20,47.6337
NVDA,2023-11-27,46.6258
NVDA,2023-12-04,47.3687
NVDA,2023-12-11,48.7487
NVDA,2023-12-18,48.6889
NVDA,2023-12-25,49.3789
NVDA,2024-01-01,48.9551
NVDA,2024-01-08,54.5519
NVDA,2024-01-15,59.3191
NVDA,2024-01-22,60.8546
NVDA,2024-01-29,65.9688
NVDA,2024-02-05,71.9245
NVDA,2024-02-12,72.4031
NVDA,2024-02-19,78.5892
NVDA,2024-02-26,82.0412
NVDA,2024-03-04,87.2791
NVDA,2024-03-11,87.5873
NVDA,2024-03-18,94.0209
NVDA,2024-03-25,90.0991
NVDA,2024-04-01,87.7578
NVDA,2024-04-08,87.9353
NVDA,2024-04-15,75.9833
NVDA,2024-04-22,87.4855
NVDA,2024-04-29,88.5365
NVDA,2024-05-06,89.6225
NVDA,2024-05-13,92.216
NVDA,2024-05-20,106.1663
NVDA,2024-05-27,109.3213
NVDA,2024-06-03,120.5443
NVDA,2024-06-10,131.5158
NVDA,2024-06-17,126.2205
NVDA,2024-06-24,123.1989
NVDA,2024-07-01,125.4825
NVDA,2024-07-08,128.8831
NVDA,2024-07-15,117.6044
NVDA,2024-07-22,112.7478
NVDA,2024-07-29,106.9738
NVDA,2024-08-05,104.4607
NVDA,2024-08-12,124.236
NVDA,2024-08-19,129.0128
NVDA,2024-08-26,119.0404
NVDA,2024-09-02,102.5461
NVDA,2024-09-09,118.7813
NVDA,2024-09-16,115.6896
NVDA,2024-09-23,121.0751
NVDA,2024-09-30,124.5857
NVDA,2024-10-07,134.4393
NVDA,2024-10-14,137.6307
NVDA,2024-10-21,141.1612
NVDA,2024-10-28,135.0377
NVDA,2024-11-04,147.2349
NVDA,2024-11-11,141.6
NVDA,2024-11-18,141.5701
NVDA,2024-11-25,137.88
NVDA,2024-12-02,142.0686
NVDA,2024-12-09,133.9
NVDA,2024-12-16,134.3488
NVDA,2024-12-23,136.6528
NVDA,2024-12-30,144.0933
NVDA,2025-01-06,135.5556
NVDA,2025-01-13,137.351
NVDA,2025-01-20,142.2482
NVDA,2025-01-27,119.7569
NVDA,2025-02-03,129.5015
NVDA,2025-02-10,138.488
NVDA,2025-02-17,134.0795
NVDA,2025-02-24,124.5943
NVDA,2025-03-03,112.3962
NVDA,2025-03-10,121.3639
NVDA,2025-03-17,117.4039
NVDA,2025-03-24,109.3941
NVDA,2025-03-31,94.0728
NVDA,2025-04-07,110.6509
NVDA,2025-04-14,101.2347
NVDA,2025-04-21,110.7308
NVDA,2025-04-28,114.212
NVDA,2025-05-05,116.3566
NVDA,2025-05-12,135.0594
NVDA,2025-05-19,130.9597
NVDA,2025-05-26,134.7901
NVDA,2025-06-02,141.3635
NVDA,2025-06-09,141.6227
NVDA,2025-06-16,143.4981
NVDA,2025-06-23,157.3641
NVDA,2025-06-30,158.9502
NVDA,2025-07-07,164.5165
NVDA,2025-07-14,171.9883
NVDA,2025-07-21,173.0756
NVDA,2025-07-28,173.295
NVDA,2025-08-04,182.2531
NVDA,2025-08-11,180.0086
NVDA,2025-08-18,177.5546
NVDA,2025-08-25,173.7539
NVDA,2025-09-01,166.6114
NVDA,2025-09-08,177.395
NVDA,2025-09-15,176.2477
NVDA,2025-09-22,177.7641
NVDA,2025-09-29,187.1716
NVDA,2025-10-06,182.7222
NVDA,2025-10-13,182.7821
NVDA,2025-10-20,185.8148
NVDA,2025-10-27,202.006
NVDA,2025-11-03,187.7003
NVDA,2025-11-10,189.7155
NVDA,2025-11-17,178.4525
NVDA,2025-11-24,176.577
NVDA,2025-12-01,181.9842
NVDA,2025-12-08,174.6114
NVDA,2025-12-15,180.5675
NVDA,2025-12-22,190.0852
NVDA,2025-12-29,188.4091
NVDA,2026-01-05,184.4284
NVDA,2026-01-12,185.7952
NVDA,2026-01-19,187.2319
NVDA,2026-01-26,190.6838
NVDA,2026-02-02,184.9771
NVDA,2026-02-09,182.3832
NVDA,2026-02-16,189.3769
NVDA,2026-02-23,176.7764
NVDA,2026-03-02,177.4049
NVDA,2026-03-09,179.8389
NVDA,2026-03-16,172.3061
NVDA,2026-03-23,167.138
NVDA,2026-03-30,176.9854
NVDA,2026-04-06,188.1998
NVDA,2026-04-13,201.22
NVDA,2026-04-20,207.795
NVDA,2026-04-27,197.9974
NVDA,2026-05-04,214.7092
NVDA,2026-05-11,224.8062
NVDA,2026-05-18,214.8389
NVDA,2026-05-25,210.6585
NVDA,2026-06-01,204.8708
NVDA,2026-06-08,204.9607
NVDA,2026-06-15,210.4545
NVDA,2026-06-22,192.3148
NVDA,2026-06-29,194.6122
NVDA,2026-07-06,210.7242
NVDA,2026-07-13,202.5833
NVDA,2026-07-20,206.6088
NVDA,2026-07-27,200.5256
NVDA,2026-08-03,223.7097
NVDA,2026-08-10,224.9083
NVDA,2026-08-17,214.48
NVDA,2026-08-24,217.3068
NVDA,2026-08-31,230.1025
NVDA,2026-09-07,218.29
NVDA,2026-09-14,222.27
NVDA,2026-09-21,224.58
QQQ,1999-03-08,42.1405
QQQ,1999-03-15,43.1138
QQQ,1999-03-22,43.561
QQQ,1999-03-29,45.0867
QQQ,1999-04-05,46.9806
QQQ,1999-04-12,43.7451
QQQ,1999-04-19,46.5597
QQQ,1999-04-26,45.2182
QQQ,1999-05-03,44.5869
QQQ,1999-05-10,44.9551
QQQ,1999-05-17,44.508
QQQ,1999-05-24,43.7977
QQQ,1999-05-31,44.2449
QQQ,1999-06-07,43.5873
QQQ,1999-06-14,46.3493
QQQ,1999-06-21,46.0337
QQQ,1999-06-28,49.4533
QQQ,1999-07-05,50.374
QQQ,1999-07-12,51.6629
QQQ,1999-07-19,48.2169
QQQ,1999-07-26,47.6382
QQQ,1999-08-02,46.5729
QQQ,1999-08-09,48.5326
QQQ,1999-08-16,48.7957
QQQ,1999-08-23,50.4003
QQQ,1999-08-30,52.7414
QQQ,1999-09-06,53.136
QQQ,1999-09-13,53.2938
QQQ,1999-09-20,50.5712
QQQ,1999-09-27,50.683
QQQ,1999-10-04,53.6687
QQQ,1999-10-11,50.4003
QQQ,1999-10-18,52.1627
QQQ,1999-10-25,55.3456
QQQ,1999-11-01,57.3974
QQQ,1999-11-08,60.7644
QQQ,1999-11-15,63.7895
QQQ,1999-11-22,65.3941
QQQ,1999-11-29,66.6041
QQQ,1999-12-06,67.2617
QQQ,1999-12-13,70.5235
QQQ,1999-12-20,75.9424
QQQ,1999-12-27,76.9157
QQQ,2000-01-03,75.7583
QQQ,2000-01-10,78.5992
QQQ,2000-01-17,81.0192
QQQ,2000-01-24,72.3912
QQQ,2000-01-31,81.782
QQQ,2000-02-07,84.0706
QQQ,2000-02-14,82.8606
QQQ,2000-02-21,87.5954
QQQ,2000-02-28,93.4877
QQQ,2000-03-06,96.3813
QQQ,2000-03-13,93.2773
QQQ,2000-03-20,98.9592
QQQ,2000-03-27,92.1725
QQQ,2000-04-03,89.7524
QQQ,2000-04-10,67.6563
QQQ,2000-04-17,73.4434
QQQ,2000-04-24,79.7566
QQQ,2000-05-01,76.9682
QQQ,2000-05-08,71.2338
QQQ,2000-05-15,68.7611
QQQ,2000-05-22,65.4467
QQQ,2000-05-29,78.8096
QQQ,2000-06-05,78.9148
QQQ,2000-06-12,79.3356
QQQ,2000-06-19,77.0209
QQQ,2000-06-26,78.6518
QQQ,2000-07-03,80.7561
QQQ,2000-07-10,84.7019
QQQ,2000-07-17,81.6506
QQQ,2000-07-24,73.1277
QQQ,2000-07-31,75.8634
QQQ,2000-08-07,76.6526
QQQ,2000-08-14,80.1775
QQQ,2000-08-21,82.5186
QQQ,2000-08-28,86.3854
QQQ,2000-09-04,80.0722
QQQ,2000-09-11,76.863
QQQ,2000-09-18,78.2309
QQQ,2000-09-25,74.706
QQQ,2000-10-02,69.8659
QQQ,2000-10-09,68.3928
QQQ,2000-10-16,72.6542
QQQ,2000-10-23,67.1039
QQQ,2000-10-30,69.9185
QQQ,2000-11-06,60.3961
QQQ,2000-11-13,61.3037
QQQ,2000-11-20,59.2913
QQQ,2000-11-27,53.8725
QQQ,2000-12-04,57.2396
QQQ,2000-12-11,53.7673
QQQ,2000-12-18,50.9263
QQQ,2000-12-25,49.1376
QQQ,2001-01-01,47.6646
QQQ,2001-01-08,52.8072
QQQ,2001-01-15,55.8191
QQQ,2001-01-22,55.1746
QQQ,2001-01-29,51.8102
QQQ,2001-02-05,47.4751
QQQ,2001-02-12,46.4061
QQQ,2001-02-19,43.0812
QQQ,2001-02-26,39.3101
QQQ,2001-03-05,37.9633
QQQ,2001-03-12,34.6804
QQQ,2001-03-19,36.0272
QQQ,2001-03-26,32.9548
QQQ,2001-04-02,30.2612
QQQ,2001-04-09,36.0272
QQQ,2001-04-16,40.7411
QQQ,2001-04-23,38.0054
QQQ,2001-04-30,40.5728
QQQ,2001-05-07,38.3421
QQQ,2001-05-14,40.438
QQQ,2001-05-21,41.2377
QQQ,2001-05-28,38.7629
QQQ,2001-06-04,39.8572
QQQ,2001-06-11,35.8589
QQQ,2001-06-18,36.406
QQQ,2001-06-25,38.4684
QQQ,2001-07-02,35.0592
QQQ,2001-07-09,36.3219
QQQ,2001-07-16,35.0592
QQQ,2001-07-23,35.3117
QQQ,2001-07-30,36.3471
QQQ,2001-08-06,33.906
QQQ,2001-08-13,31.7848
QQQ,2001-08-20,33.0811
QQQ,2001-08-27,30.8336
QQQ,2001-09-03,28.3672
QQQ,2001-09-10,28.7039
QQQ,2001-09-17,23.7292
QQQ,2001-09-24,24.3941
QQQ,2001-10-01,26.7342
QQQ,2001-10-08,29.0828
QQQ,2001-10-15,28.241
QQQ,2001-10-22,30.3117
QQQ,2001-10-29,29.9666
QQQ,2001-11-05,31.7595
QQQ,2001-11-12,33.14
QQQ,2001-11-19,33.0643
QQQ,2001-11-26,33.3757
QQQ,2001-12-03,35.1266
QQQ,2001-12-10,33.7629
QQQ,2001-12-17,33.2326
QQQ,2001-12-24,33.9481
QQQ,2001-12-31,35.076
QQQ,2002-01-07,34.3858
QQQ,2002-01-14,32.4834
QQQ,2002-01-21,32.6855
QQQ,2002-01-28,32.1046
QQQ,2002-02-04,30.4464
QQQ,2002-02-11,30.1181
QQQ,2002-02-18,28.3252
QQQ,2002-02-25,30.0844
QQQ,2002-03-04,32.5508
QQQ,2002-03-11,31.3387
QQQ,2002-03-18,30.8757
QQQ,2002-03-25,30.3538
QQQ,2002-04-01,28.9312
QQQ,2002-04-08,28.2157
QQQ,2002-04-15,29.007
QQQ,2002-04-22,26.1282
QQQ,2002-04-29,25.0339
QQQ,2002-05-06,24.8824
QQQ,2002-05-13,27.7191
QQQ,2002-05-20,26.2965
QQQ,2002-05-27,25.2864
QQQ,2002-06-03,23.8217
QQQ,2002-06-10,23.2494
QQQ,2002-06-17,21.7342
QQQ,2002-06-24,21.9699
QQQ,2002-07-01,22.1719
QQQ,2002-07-08,20.8756
QQQ,2002-07-15,20.1938
QQQ,2002-07-22,19.0827
QQQ,2002-07-29,18.7291
QQQ,2002-08-05,19.6382
QQQ,2002-08-12,20.7914
QQQ,2002-08-19,21.1702
QQQ,2002-08-26,19.7729
QQQ,2002-09-02,19.2342
QQQ,2002-09-09,19.352
QQQ,2002-09-16,18.2409
QQQ,2002-09-23,17.9379
QQQ,2002-09-30,17.1298
QQQ,2002-10-07,18.7039
QQQ,2002-10-14,20.0423
QQQ,2002-10-21,20.7914
QQQ,2002-10-28,21.2544
QQQ,2002-11-04,21.1029
QQQ,2002-11-11,22.2561
QQQ,2002-11-18,23.3335
QQQ,2002-11-25,23.3335
QQQ,2002-12-02,22.2813
QQQ,2002-12-09,21.0776
QQQ,2002-12-16,21.3133
QQQ,2002-12-23,20.8924
QQQ,2002-12-30,21.6164
QQQ,2003-01-06,22.8116
QQQ,2003-01-13,21.3049
QQQ,2003-01-20,20.8924
QQQ,2003-01-27,20.5726
QQQ,2003-02-03,20.0423
QQQ,2003-02-10,20.6147
QQQ,2003-02-17,21.1871
QQQ,2003-02-24,21.1786
QQQ,2003-03-03,20.6567
QQQ,2003-03-10,21.65
QQQ,2003-03-17,22.8706
QQQ,2003-03-24,21.9531
QQQ,2003-03-31,21.9278
QQQ,2003-04-07,21.4732
QQQ,2003-04-14,22.5759
QQQ,2003-04-21,22.6854
QQQ,2003-04-28,23.8049
QQQ,2003-05-05,23.9143
QQQ,2003-05-12,24.1584
QQQ,2003-05-19,23.6534
QQQ,2003-05-26,25.076
QQQ,2003-06-02,25.3622
QQQ,2003-06-09,25.2191
QQQ,2003-06-16,25.5726
QQQ,2003-06-23,25.1096
QQQ,2003-06-30,25.741
QQQ,2003-07-07,26.8016
QQQ,2003-07-14,26.3302
QQQ,2003-07-21,26.7679
QQQ,2003-07-28,26.4817
QQQ,2003-08-04,25.3117
QQQ,2003-08-11,26.2376
QQQ,2003-08-18,27.3066
QQQ,2003-08-25,28.1063
QQQ,2003-09-01,28.5693
QQQ,2003-09-08,28.4683
QQQ,2003-09-15,29.108
QQQ,2003-09-22,27.4245
QQQ,2003-09-29,28.7797
QQQ,2003-10-06,29.4699
QQQ,2003-10-13,29.1332
QQQ,2003-10-20,28.7881
QQQ,2003-10-27,29.613
QQQ,2003-11-03,29.9918
QQQ,2003-11-10,29.4952
QQQ,2003-11-17,28.8134
QQQ,2003-11-24,29.7814
QQQ,2003-12-01,29.4952
QQQ,2003-12-08,29.6635
QQQ,2003-12-15,29.8487
QQQ,2003-12-22,30.1888
QQQ,2003-12-29,30.6183
QQQ,2004-01-05,31.7719
QQQ,2004-01-12,32.4793
QQQ,2004-01-19,32.0077
QQQ,2004-01-26,31.2162
QQQ,2004-02-02,31.2667
QQQ,2004-02-09,31.1067
QQQ,2004-02-16,31.0393
QQQ,2004-02-23,30.7951
QQQ,2004-03-01,30.8456
QQQ,2004-03-08,29.9025
QQQ,2004-03-15,29.2625
QQQ,2004-03-22,29.6583
QQQ,2004-03-29,31.2414
QQQ,2004-04-05,31.1067
QQQ,2004-04-12,30.3909
QQQ,2004-04-19,31.3341
QQQ,2004-04-26,29.2794
QQQ,2004-05-03,29.4478
QQQ,2004-05-10,29.2625
QQQ,2004-05-17,29.4899
QQQ,2004-05-24,30.7783
QQQ,2004-05-31,30.4751
QQQ,2004-06-07,31.0225
QQQ,2004-06-14,30.6856
QQQ,2004-06-21,31.4351
QQQ,2004-06-28,31.0056
QQQ,2004-07-05,30.1046
QQQ,2004-07-12,29.1952
QQQ,2004-07-19,28.8078
QQQ,2004-07-26,29.3804
QQQ,2004-08-02,27.5531
QQQ,2004-08-09,27.3847
QQQ,2004-08-16,28.6394
QQQ,2004-08-23,29.1025
QQQ,2004-08-30,28.7488
QQQ,2004-09-06,29.5741
QQQ,2004-09-13,29.8351
QQQ,2004-09-20,29.3046
QQQ,2004-09-27,30.3993
QQQ,2004-10-04,29.9615
QQQ,2004-10-11,30.0036
QQQ,2004-10-18,30.1467
QQQ,2004-10-25,31.073
QQQ,2004-11-01,31.9656
QQQ,2004-11-08,32.5551
QQQ,2004-11-15,32.5719
QQQ,2004-11-22,33.0182
QQQ,2004-11-29,33.793
QQQ,2004-12-06,33.6245
QQQ,2004-12-13,33.5555
QQQ,2004-12-20,33.8021
QQQ,2004-12-27,33.9381
QQQ,2005-01-03,32.7734
QQQ,2005-01-10,32.6713
QQQ,2005-01-17,31.4981
QQQ,2005-01-24,31.3876
QQQ,2005-01-31,32.0933
QQQ,2005-02-07,32.0507
QQQ,2005-02-14,31.7532
QQQ,2005-02-21,31.9827
QQQ,2005-02-28,31.8977
QQQ,2005-03-07,31.6001
QQQ,2005-03-14,31.0391
QQQ,2005-03-21,30.835
QQQ,2005-03-28,30.7755
QQQ,2005-04-04,31.1496
QQQ,2005-04-11,29.5343
QQQ,2005-04-18,29.8319
QQQ,2005-04-25,29.7383
QQQ,2005-05-02,30.4865
QQQ,2005-05-09,30.8095
QQQ,2005-05-16,32.0167
QQQ,2005-05-23,32.4843
QQQ,2005-05-30,32.3908
QQQ,2005-06-06,31.9232
QQQ,2005-06-13,32.225
QQQ,2005-06-20,31.4592
QQQ,2005-06-27,31.255
QQQ,2005-07-04,32.1399
QQQ,2005-07-11,33.093
QQQ,2005-07-18,33.544
QQQ,2005-07-25,33.6801
QQQ,2005-08-01,33.595
QQQ,2005-08-08,33.3653
QQQ,2005-08-15,33.0334
QQQ,2005-08-22,32.7271
QQQ,2005-08-29,32.9909
QQQ,2005-09-05,33.7142
QQQ,2005-09-12,33.5269
QQQ,2005-09-19,32.9739
QQQ,2005-09-26,33.578
QQQ,2005-10-03,32.625
QQQ,2005-10-10,32.3867
QQQ,2005-10-17,32.8037
QQQ,2005-10-24,32.6079
QQQ,2005-10-31,34.1056
QQQ,2005-11-07,34.6417
QQQ,2005-11-14,35.2714
QQQ,2005-11-21,35.6458
QQQ,2005-11-28,35.833
QQQ,2005-12-05,35.5011
QQQ,2005-12-12,35.4674
QQQ,2005-12-19,35.3138
QQQ,2005-12-26,34.4694
QQQ,2006-01-02,36.4056
QQQ,2006-01-09,36.6615
QQQ,2006-01-16,35.1859
QQQ,2006-01-23,35.9195
QQQ,2006-01-30,34.9044
QQQ,2006-02-06,34.9385
QQQ,2006-02-13,35.1518
QQQ,2006-02-20,35.1944
QQQ,2006-02-27,35.3565
QQQ,2006-03-06,34.5973
QQQ,2006-03-13,35.3813
QQQ,2006-03-20,35.2532
QQQ,2006-03-27,35.791
QQQ,2006-04-03,36.1239
QQQ,2006-04-10,35.9361
QQQ,2006-04-17,35.8507
QQQ,2006-04-24,35.7227
QQQ,2006-05-01,35.9873
QQQ,2006-05-08,34.3058
QQQ,2006-05-15,33.5887
QQQ,2006-05-22,33.7082
QQQ,2006-05-29,33.8363
QQQ,2006-06-05,32.5644
QQQ,2006-06-12,32.7486
QQQ,2006-06-19,32.5864
QQQ,2006-06-26,33.1159
QQQ,2006-07-03,32.1934
QQQ,2006-07-10,30.6987
QQQ,2006-07-17,30.4936
QQQ,2006-07-24,31.698
QQQ,2006-07-31,31.5613
QQQ,2006-08-07,31.2026
QQQ,2006-08-14,33.133
QQQ,2006-08-21,32.7315
QQQ,2006-08-28,33.3807
QQQ,2006-09-04,33.0732
QQQ,2006-09-11,34.2802
QQQ,2006-09-18,34.0751
QQQ,2006-09-25,34.7417
QQQ,2006-10-02,35.3913
QQQ,2006-10-09,36.263
QQQ,2006-10-16,35.8955
QQQ,2006-10-23,36.075
QQQ,2006-10-30,35.8357
QQQ,2006-11-06,36.7758
QQQ,2006-11-13,37.8612
QQQ,2006-11-20,38.1604
QQQ,2006-11-27,37.3143
QQQ,2006-12-04,37.5194
QQQ,2006-12-11,38.0186
QQQ,2006-12-18,36.7351
QQQ,2006-12-25,36.9319
QQQ,2007-01-01,37.5223
QQQ,2007-01-08,38.7716
QQQ,2007-01-15,37.7961
QQQ,2007-01-22,37.2827
QQQ,2007-01-29,37.7876
QQQ,2007-02-05,37.548
QQQ,2007-02-12,38.2582
QQQ,2007-02-19,38.7288
QQQ,2007-02-26,36.35
QQQ,2007-03-05,36.7351
QQQ,2007-03-12,36.6726
QQQ,2007-03-19,37.7771
QQQ,2007-03-26,37.2719
QQQ,2007-04-02,38.1539
QQQ,2007-04-09,38.2309
QQQ,2007-04-16,38.8731
QQQ,2007-04-23,39.8749
QQQ,2007-04-30,39.9263
QQQ,2007-05-07,40.0547
QQQ,2007-05-14,39.9948
QQQ,2007-05-21,39.7721
QQQ,2007-05-28,40.6198
QQQ,2007-06-04,40.166
QQQ,2007-06-11,40.9258
QQQ,2007-06-18,40.523
QQQ,2007-06-25,40.7887
QQQ,2007-07-02,41.8684
QQQ,2007-07-09,42.7596
QQQ,2007-07-16,42.8881
QQQ,2007-07-23,41.1229
QQQ,2007-07-30,40.6344
QQQ,2007-08-06,40.5145
QQQ,2007-08-13,39.6833
QQQ,2007-08-20,41.3028
QQQ,2007-08-27,41.877
QQQ,2007-09-03,41.3285
QQQ,2007-09-10,42.1769
QQQ,2007-09-17,43.1762
QQQ,2007-09-24,44.0764
QQQ,2007-10-01,45.2853
QQQ,2007-10-08,45.894
QQQ,2007-10-15,44.9595
QQQ,2007-10-22,46.2369
QQQ,2007-10-29,46.657
QQQ,2007-11-05,42.8675
QQQ,2007-11-12,43.1076
QQQ,2007-11-19,42.7304
QQQ,2007-11-26,43.9907
QQQ,2007-12-03,44.8652
QQQ,2007-12-10,43.6992
QQQ,2007-12-17,44.5
QQQ,2007-12-24,44.4742
QQQ,2007-12-31,41.539
QQQ,2008-01-07,40.3804
QQQ,2008-01-14,38.9214
QQQ,2008-01-21,37.7542
QQQ,2008-01-28,39.1274
QQQ,2008-02-04,37.4194
QQQ,2008-02-11,37.6083
QQQ,2008-02-18,37.4881
QQQ,2008-02-25,36.8616
QQQ,2008-03-03,36.1063
QQQ,2008-03-10,36.2608
QQQ,2008-03-17,37.0107
QQQ,2008-03-24,37.3542
QQQ,2008-03-31,39.3898
QQQ,2008-04-07,38.0328
QQQ,2008-04-14,40.1199
QQQ,2008-04-21,40.4978
QQQ,2008-04-28,41.8893
QQQ,2008-05-05,41.4083
QQQ,2008-05-12,42.9543
QQQ,2008-05-19,41.3997
QQQ,2008-05-26,42.9543
QQQ,2008-06-02,42.1126
QQQ,2008-06-09,41.5457
QQQ,2008-06-16,40.7581
QQQ,2008-06-23,39.2368
QQQ,2008-06-30,38.3601
QQQ,2008-07-07,38.3
QQQ,2008-07-14,38.3257
QQQ,2008-07-21,38.9102
QQQ,2008-07-28,38.575
QQQ,2008-08-04,40.6722
QQQ,2008-08-11,41.3942
QQQ,2008-08-18,40.8183
QQQ,2008-08-25,39.6408
QQQ,2008-09-01,37.3459
QQQ,2008-09-08,37.3287
QQQ,2008-09-15,36.898
QQQ,2008-09-22,35.3326
QQQ,2008-09-29,31.1182
QQQ,2008-10-06,26.9381
QQQ,2008-10-13,27.781
QQQ,2008-10-20,25.3814
QQQ,2008-10-27,28.2885
QQQ,2008-11-03,26.8263
QQQ,2008-11-10,24.9255
QQQ,2008-11-17,22.9387
QQQ,2008-11-24,25.0459
QQQ,2008-12-01,24.8911
QQQ,2008-12-08,25.5276
QQQ,2008-12-15,25.7197
QQQ,2008-12-22,25.0909
QQQ,2008-12-29,26.7275
QQQ,2009-01-05,25.9006
QQQ,2009-01-12,25.3407
QQQ,2009-01-19,24.8928
QQQ,2009-01-26,25.0306
QQQ,2009-02-02,27.0203
QQQ,2009-02-09,26.2106
QQQ,2009-02-16,24.867
QQQ,2009-02-23,23.7128
QQQ,2009-03-02,22.6533
QQQ,2009-03-09,24.755
QQQ,2009-03-16,25.1755
QQQ,2009-03-23,26.5905
QQQ,2009-03-30,27.9105
QQQ,2009-04-06,28.4195
QQQ,2009-04-13,28.7388
QQQ,2009-04-20,29.0666
QQQ,2009-04-27,29.6533
QQQ,2009-05-04,29.5325
QQQ,2009-05-11,28.7905
QQQ,2009-05-18,28.9372
QQQ,2009-05-25,30.5247
QQQ,2009-06-01,31.7326
QQQ,2009-06-08,31.6204
QQQ,2009-06-15,31.236
QQQ,2009-06-22,31.4174
QQQ,2009-06-29,30.7523
QQQ,2009-07-06,30.1649
QQQ,2009-07-13,32.4454
QQQ,2009-07-20,33.7325
QQQ,2009-07-27,34.078
QQQ,2009-08-03,34.4495
QQQ,2009-08-10,34.2335
QQQ,2009-08-17,34.8036
QQQ,2009-08-24,34.9332
QQQ,2009-08-31,34.8641
QQQ,2009-09-07,35.8661
QQQ,2009-09-14,36.6963
QQQ,2009-09-21,36.0565
QQQ,2009-09-28,35.3475
QQQ,2009-10-05,36.7309
QQQ,2009-10-12,36.9903
QQQ,2009-10-19,37.2929
QQQ,2009-10-26,35.4166
QQQ,2009-11-02,36.8347
QQQ,2009-11-09,38.0539
QQQ,2009-11-16,37.561
QQQ,2009-11-23,37.6215
QQQ,2009-11-30,38.149
QQQ,2009-12-07,38.1576
QQQ,2009-12-14,38.5071
QQQ,2009-12-21,39.8236
QQQ,2009-12-28,39.6244
QQQ,2010-01-04,40.3173
QQQ,2010-01-11,39.711
QQQ,2010-01-18,38.2473
QQQ,2010-01-25,37.0607
QQQ,2010-02-01,37.2253
QQQ,2010-02-08,37.9008
QQQ,2010-02-15,38.8275
QQQ,2010-02-22,38.7669
QQQ,2010-03-01,40.222
QQQ,2010-03-08,41.0188
QQQ,2010-03-15,41.1753
QQQ,2010-03-22,41.6175
QQQ,2010-03-29,41.7562
QQQ,2010-04-05,42.5105
QQQ,2010-04-12,42.944
QQQ,2010-04-19,43.8024
QQQ,2010-04-26,42.6926
QQQ,2010-05-03,39.3719
QQQ,2010-05-10,40.6898
QQQ,2010-05-17,38.8777
QQQ,2010-05-24,39.5366
QQQ,2010-05-31,39.0944
QQQ,2010-06-07,39.4499
QQQ,2010-06-14,40.8277
QQQ,2010-06-21,39.4022
QQQ,2010-06-28,36.9652
QQQ,2010-07-05,38.8365
QQQ,2010-07-12,38.5928
QQQ,2010-07-19,40.0898
QQQ,2010-07-26,39.8722
QQQ,2010-08-02,40.6991
QQQ,2010-08-09,38.9235
QQQ,2010-08-16,39.0976
QQQ,2010-08-23,38.3577
QQQ,2010-08-30,40.0463
QQQ,2010-09-06,40.5598
QQQ,2010-09-13,41.8675
QQQ,2010-09-20,43.3244
QQQ,2010-09-27,42.7573
QQQ,2010-10-04,43.4029
QQQ,2010-10-11,44.9209
QQQ,2010-10-18,45.0518
QQQ,2010-10-25,45.5229
QQQ,2010-11-01,46.8228
QQQ,2010-11-08,45.8108
QQQ,2010-11-15,45.7759
QQQ,2010-11-22,46.0376
QQQ,2010-11-29,46.9973
QQQ,2010-12-06,47.5382
QQQ,2010-12-13,47.6587
QQQ,2010-12-20,47.851
QQQ,2010-12-27,47.6062
QQQ,2011-01-03,48.8388
QQQ,2011-01-10,49.8266
QQQ,2011-01-17,48.6727
QQQ,2011-01-24,48.7164
QQQ,2011-01-31,50.1588
QQQ,2011-02-07,51.0853
QQQ,2011-02-14,51.3388
QQQ,2011-02-21,50.3948
QQQ,2011-02-28,50.6745
QQQ,2011-03-07,49.3807
QQQ,2011-03-14,47.6646
QQQ,2011-03-21,49.7568
QQQ,2011-03-28,50.2995
QQQ,2011-04-04,49.8531
QQQ,2011-04-11,49.5905
QQQ,2011-04-18,51.0699
QQQ,2011-04-25,51.7177
QQQ,2011-05-02,51.1837
QQQ,2011-05-09,51.1312
QQQ,2011-05-16,50.5709
QQQ,2011-05-23,50.2733
QQQ,2011-05-30,49.3279
QQQ,2011-06-06,47.831
QQQ,2011-06-13,47.1925
QQQ,2011-06-20,47.7101
QQQ,2011-06-27,50.8071
QQQ,2011-07-04,51.7898
QQQ,2011-07-11,50.7545
QQQ,2011-07-18,52.2899
QQQ,2011-07-25,50.8861
QQQ,2011-08-01,47.2276
QQQ,2011-08-08,46.9994
QQQ,2011-08-15,43.8937
QQQ,2011-08-22,46.6134
QQQ,2011-08-29,46.745
QQQ,2011-09-05,46.6573
QQQ,2011-09-12,49.7411
QQQ,2011-09-19,47.5965
QQQ,2011-09-26,46.1373
QQQ,2011-10-03,47.5261
QQQ,2011-10-10,51.1387
QQQ,2011-10-17,50.3652
QQQ,2011-10-24,51.8067
QQQ,2011-10-31,50.8047
QQQ,2011-11-07,50.8486
QQQ,2011-11-14,48.6952
QQQ,2011-11-21,46.4801
QQQ,2011-11-28,49.7675
QQQ,2011-12-05,50.1191
QQQ,2011-12-12,48.3627
QQQ,2011-12-19,49.4383
QQQ,2011-12-26,49.2609
QQQ,2012-01-02,51.0079
QQQ,2012-01-09,51.3344
QQQ,2012-01-16,52.7373
QQQ,2012-01-23,53.2932
QQQ,2012-01-30,54.7491
QQQ,2012-02-06,55.1196
QQQ,2012-02-13,55.9667
QQQ,2012-02-20,56.4343
QQQ,2012-02-27,57.2372
QQQ,2012-03-05,57.3696
QQQ,2012-03-12,58.7928
QQQ,2012-03-19,59.164
QQQ,2012-03-26,59.7031
QQQ,2012-04-02,59.8533
QQQ,2012-04-09,58.5011
QQQ,2012-04-16,58.0503
QQQ,2012-04-23,59.4291
QQQ,2012-04-30,57.1842
QQQ,2012-05-07,56.7246
QQQ,2012-05-14,53.746
QQQ,2012-05-21,54.8597
QQQ,2012-05-28,53.3925
QQQ,2012-06-04,55.5667
QQQ,2012-06-11,55.8008
QQQ,2012-06-18,56.1197
QQQ,2012-06-25,56.8372
QQQ,2012-07-02,56.8018
QQQ,2012-07-09,56.1462
QQQ,2012-07-16,56.9081
QQQ,2012-07-23,57.4662
QQQ,2012-07-30,58.1129
QQQ,2012-08-06,59.229
QQQ,2012-08-13,60.5224
QQQ,2012-08-20,60.4959
QQQ,2012-08-27,60.3807
QQQ,2012-09-03,61.5057
QQQ,2012-09-10,62.1701
QQQ,2012-09-17,62.3208
QQQ,2012-09-24,60.9171
QQQ,2012-10-01,61.2814
QQQ,2012-10-08,59.2381
QQQ,2012-10-15,58.3497
QQQ,2012-10-22,58.0565
QQQ,2012-10-29,57.8966
QQQ,2012-11-05,56.3508
QQQ,2012-11-12,55.3469
QQQ,2012-11-19,57.6567
QQQ,2012-11-26,58.4563
QQQ,2012-12-03,57.6834
QQQ,2012-12-10,57.4702
QQQ,2012-12-17,58.2459
QQQ,2012-12-24,56.9773
QQQ,2012-12-31,59.5233
QQQ,2013-01-07,60.0861
QQQ,2013-01-14,59.9164
QQQ,2013-01-21,59.8539
QQQ,2013-01-28,60.4435
QQQ,2013-02-04,60.7383
QQQ,2013-02-11,60.5239
QQQ,2013-02-18,59.9789
QQQ,2013-02-25,60.1933
QQQ,2013-03-04,61.4351
QQQ,2013-03-11,61.3445
QQQ,2013-03-18,61.4161
QQQ,2013-03-25,61.7563
QQQ,2013-04-01,60.7624
QQQ,2013-04-08,62.6249
QQQ,2013-04-15,60.9684
QQQ,2013-04-22,62.2936
QQQ,2013-04-29,64.5769
QQQ,2013-05-06,65.4096
QQQ,2013-05-13,66.5289
QQQ,2013-05-20,65.732
QQQ,2013-05-27,65.5887
QQQ,2013-06-03,65.714
QQQ,2013-06-10,64.7201
QQQ,2013-06-17,63.2632
QQQ,2013-06-24,64.0177
QQQ,2013-07-01,65.1944
QQQ,2013-07-08,67.6376
QQQ,2013-07-15,66.9998
QQQ,2013-07-22,67.7005
QQQ,2013-07-29,69.1376
QQQ,2013-08-05,68.7065
QQQ,2013-08-12,67.7992
QQQ,2013-08-19,68.8682
QQQ,2013-08-26,67.7903
QQQ,2013-09-02,69.1017
QQQ,2013-09-09,70.1167
QQQ,2013-09-16,71.1651
QQQ,2013-09-23,71.2372
QQQ,2013-09-30,71.5345
QQQ,2013-10-07,71.3814
QQQ,2013-10-14,74.0121
QQQ,2013-10-21,74.6878
QQQ,2013-10-28,74.6067
QQQ,2013-11-04,74.3635
QQQ,2013-11-11,75.6428
QQQ,2013-11-18,75.6698
QQQ,2013-11-25,77.2375
QQQ,2013-12-02,77.4807
QQQ,2013-12-09,76.4446
QQQ,2013-12-16,78.1787
QQQ,2013-12-23,79.1006
QQQ,2013-12-30,78.3052
QQQ,2014-01-06,78.9018
QQQ,2014-01-13,79.426
QQQ,2014-01-20,78.3957
QQQ,2014-01-27,77.9709
QQQ,2014-02-03,78.9018
QQQ,2014-02-10,81.1703
QQQ,2014-02-17,81.2788
QQQ,2014-02-24,81.9883
QQQ,2014-03-03,82.1607
QQQ,2014-03-10,80.4727
QQQ,2014-03-17,80.9568
QQQ,2014-03-24,79.1831
QQQ,2014-03-31,78.5645
QQQ,2014-04-07,76.5088
QQQ,2014-04-14,78.4099
QQQ,2014-04-21,78.4008
QQQ,2014-04-28,79.5833
QQQ,2014-05-05,78.9557
QQQ,2014-05-12,79.7834
QQQ,2014-05-19,81.7573
QQQ,2014-05-26,83.0581
QQQ,2014-06-02,84.4316
QQQ,2014-06-09,83.9768
QQQ,2014-06-16,84.6129
QQQ,2014-06-23,85.5068
QQQ,2014-06-30,87.2853
QQQ,2014-07-07,86.8931
QQQ,2014-07-14,87.6684
QQQ,2014-07-21,88.2338
QQQ,2014-07-28,86.3458
QQQ,2014-08-04,86.5556
QQQ,2014-08-11,88.8358
QQQ,2014-08-18,90.3407
QQQ,2014-08-25,91.0065
QQQ,2014-09-01,91.1069
QQQ,2014-09-08,90.7329
QQQ,2014-09-15,91.4059
QQQ,2014-09-22,90.3088
QQQ,2014-09-29,89.7511
QQQ,2014-10-06,86.341
QQQ,2014-10-13,85.0245
QQQ,2014-10-20,90.1626
QQQ,2014-10-27,92.7041
QQQ,2014-11-03,92.887
QQQ,2014-11-10,94.3681
QQQ,2014-11-17,94.9623
QQQ,2014-11-24,96.9188
QQQ,2014-12-01,96.3428
QQQ,2014-12-08,93.8652
QQQ,2014-12-15,95.7291
QQQ,2014-12-22,96.3898
QQQ,2014-12-29,94.4627
QQQ,2015-01-05,94.1691
QQQ,2015-01-12,92.5173
QQQ,2015-01-19,95.674
QQQ,2015-01-26,92.7743
QQQ,2015-02-02,94.6371
QQQ,2015-02-09,98.1058
QQQ,2015-02-16,99.4823
QQQ,2015-02-23,99.4731
QQQ,2015-03-02,98.5646
QQQ,2015-03-09,96.6651
QQQ,2015-03-16,99.8214
QQQ,2015-03-23,97.0529
QQQ,2015-03-30,96.685
QQQ,2015-04-06,99.104
QQQ,2015-04-13,97.5037
QQQ,2015-04-20,101.6701
QQQ,2015-04-27,100.2997
QQQ,2015-05-04,99.9686
QQQ,2015-05-11,100.7872
QQQ,2015-05-18,101.6058
QQQ,2015-05-25,101.2195
QQQ,2015-06-01,100.5296
QQQ,2015-06-08,100.0238
QQQ,2015-06-15,101.3048
QQQ,2015-06-22,100.7332
QQQ,2015-06-29,99.5163
QQQ,2015-07-06,99.2398
QQQ,2015-07-13,104.7157
QQQ,2015-07-20,102.4202
QQQ,2015-07-27,103.2038
QQQ,2015-08-03,101.6919
QQQ,2015-08-10,101.8763
QQQ,2015-08-17,94.3999
QQQ,2015-08-24,97.3683
QQQ,2015-08-31,94.1787
QQQ,2015-09-07,97.3223
QQQ,2015-09-14,97.3557
QQQ,2015-09-21,95.1101
QQQ,2015-09-28,96.1174
QQQ,2015-10-05,98.4462
QQQ,2015-10-12,99.9156
QQQ,2015-10-19,104.2219
QQQ,2015-10-26,104.7302
QQQ,2015-11-02,106.0794
QQQ,2015-11-09,101.505
QQQ,2015-11-16,105.7929
QQQ,2015-11-23,105.6358
QQQ,2015-11-30,106.4028
QQQ,2015-12-07,102.3829
QQQ,2015-12-14,101.8058
QQQ,2015-12-21,104.3641
QQQ,2015-12-28,103.6875
QQQ,2016-01-04,96.411
QQQ,2016-01-11,93.4726
QQQ,2016-01-18,96.1885
QQQ,2016-01-25,96.5222
QQQ,2016-02-01,90.9513
QQQ,2016-02-08,90.8586
QQQ,2016-02-15,94.2048
QQQ,2016-02-22,95.8733
QQQ,2016-02-29,97.9497
QQQ,2016-03-07,98.7098
QQQ,2016-03-14,99.8207
QQQ,2016-03-21,99.7184
QQQ,2016-03-28,102.6005
QQQ,2016-04-04,101.3361
QQQ,2016-04-11,102.8608
QQQ,2016-04-18,101.3175
QQQ,2016-04-25,98.2867
QQQ,2016-05-02,98.1566
QQQ,2016-05-09,98.0822
QQQ,2016-05-16,98.984
QQQ,2016-05-23,102.3867
QQQ,2016-05-30,102.3216
QQQ,2016-06-06,101.2803
QQQ,2016-06-13,99.2663
QQQ,2016-06-20,97.2155
QQQ,2016-06-27,100.7484
QQQ,2016-07-04,102.8178
QQQ,2016-07-11,104.2161
QQQ,2016-07-18,105.9406
QQQ,2016-07-25,107.4134
QQQ,2016-08-01,108.8583
QQQ,2016-08-08,109.2498
QQQ,2016-08-15,109.3057
QQQ,2016-08-22,108.8583
QQQ,2016-08-29,109.1752
QQQ,2016-09-05,106.5278
QQQ,2016-09-12,109.6076
QQQ,2016-09-19,110.5795
QQQ,2016-09-26,110.9439
QQQ,2016-10-03,110.7103
QQQ,2016-10-10,109.4674
QQQ,2016-10-17,110.4113
QQQ,2016-10-24,109.43
QQQ,2016-10-31,106.206
QQQ,2016-11-07,108.2152
QQQ,2016-11-14,109.6356
QQQ,2016-11-21,111.0187
QQQ,2016-11-28,108.1217
QQQ,2016-12-05,111.6729
QQQ,2016-12-12,112.0968
QQQ,2016-12-19,112.6592
QQQ,2016-12-26,111.0471
QQQ,2017-01-02,114.2806
QQQ,2017-01-09,115.4335
QQQ,2017-01-16,115.5178
QQQ,2017-01-23,117.9078
QQQ,2017-01-30,117.7954
QQQ,2017-02-06,119.3887
QQQ,2017-02-13,121.6663
QQQ,2017-02-20,122.088
QQQ,2017-02-27,122.8003
QQQ,2017-03-06,123.1472
QQQ,2017-03-13,123.6851
QQQ,2017-03-20,122.6895
QQQ,2017-03-27,124.3331
QQQ,2017-04-03,123.948
QQQ,2017-04-10,122.4734
QQQ,2017-04-17,124.5021
QQQ,2017-04-24,127.7236
QQQ,2017-05-01,129.1795
QQQ,2017-05-08,130.175
QQQ,2017-05-15,129.4612
QQQ,2017-05-22,132.6357
QQQ,2017-05-29,134.7396
QQQ,2017-06-05,131.4711
QQQ,2017-06-12,130.1059
QQQ,2017-06-19,133.016
QQQ,2017-06-26,129.6256
QQQ,2017-07-03,129.7386
QQQ,2017-07-10,133.8447
QQQ,2017-07-17,135.7188
QQQ,2017-07-24,135.4645
QQQ,2017-07-31,135.2856
QQQ,2017-08-07,133.8259
QQQ,2017-08-14,133.0065
QQQ,2017-08-21,133.7035
QQQ,2017-08-28,137.4988
QQQ,2017-09-04,135.813
QQQ,2017-09-11,137.5553
QQQ,2017-09-18,136.2141
QQQ,2017-09-25,137.2806
QQQ,2017-10-02,139.3665
QQQ,2017-10-09,140.0083
QQQ,2017-10-16,140.3575
QQQ,2017-10-23,142.7455
QQQ,2017-10-30,144.6614
QQQ,2017-11-06,145.0484
QQQ,2017-11-13,145.3032
QQQ,2017-11-20,147.4834
QQQ,2017-11-27,145.8129
QQQ,2017-12-04,146.0111
QQQ,2017-12-11,148.7954
QQQ,2017-12-18,148.8418
QQQ,2017-12-25,147.319
QQQ,2018-01-01,153.1451
QQQ,2018-01-08,155.5759
QQQ,2018-01-15,157.3256
QQQ,2018-01-22,161.6669
QQQ,2018-01-29,155.6894
QQQ,2018-02-05,147.6406
QQQ,2018-02-12,156.0204
QQQ,2018-02-19,159.0565
QQQ,2018-02-26,156.9946
QQQ,2018-03-05,163.776
QQQ,2018-03-12,161.752
QQQ,2018-03-19,150.1632
QQQ,2018-03-26,151.6979
QQQ,2018-04-02,148.3822
QQQ,2018-04-09,152.8726
QQQ,2018-04-16,153.7536
QQQ,2018-04-23,153.5546
QQQ,2018-04-30,156.1883
QQQ,2018-05-07,160.5366
QQQ,2018-05-14,158.6419
QQQ,2018-05-21,160.7829
QQQ,2018-05-28,163.6439
QQQ,2018-06-04,165.2543
QQQ,2018-06-11,167.6606
QQQ,2018-06-18,166.4435
QQQ,2018-06-25,162.9593
QQQ,2018-07-02,166.7188
QQQ,2018-07-09,170.5163
QQQ,2018-07-16,169.9277
QQQ,2018-07-23,168.627
QQQ,2018-07-30,170.9625
QQQ,2018-08-06,171.3802
QQQ,2018-08-13,170.7536
QQQ,2018-08-20,173.2409
QQQ,2018-08-27,177.1998
QQQ,2018-09-03,171.9403
QQQ,2018-09-10,174.6745
QQQ,2018-09-17,174.4087
QQQ,2018-09-24,176.7008
QQQ,2018-10-01,171.3367
QQQ,2018-10-08,165.792
QQQ,2018-10-15,164.5555
QQQ,2018-10-22,158.5067
QQQ,2018-10-29,161.0936
QQQ,2018-11-05,163.1289
QQQ,2018-11-12,159.3056
QQQ,2018-11-19,151.4211
QQQ,2018-11-26,161.0841
QQQ,2018-12-03,153.485
QQQ,2018-12-10,153.1996
QQQ,2018-12-17,140.3506
QQQ,2018-12-24,145.9026
QQQ,2018-12-31,149.012
QQQ,2019-01-07,153.266
QQQ,2019-01-14,157.6153
QQQ,2019-01-21,157.5199
QQQ,2019-01-28,159.7137
QQQ,2019-02-04,160.7724
QQQ,2019-02-11,163.9962
QQQ,2019-02-18,164.9023
QQQ,2019-02-25,166.333
QQQ,2019-03-04,163.2618
QQQ,2019-03-11,170.11
QQQ,2019-03-18,170.6203
QQQ,2019-03-25,171.6714
QQQ,2019-04-01,176.4491
QQQ,2019-04-08,177.5671
QQQ,2019-04-15,179.0577
QQQ,2019-04-22,182.1727
QQQ,2019-04-29,182.6123
QQQ,2019-05-06,176.774
QQQ,2019-05-13,174.9011
QQQ,2019-05-20,170.2381
QQQ,2019-05-27,166.2153
QQQ,2019-06-03,172.99
QQQ,2019-06-10,174.5189
QQQ,2019-06-17,180.1852
QQQ,2019-06-24,178.8311
QQQ,2019-07-01,182.9586
QQQ,2019-07-08,185.3336
QQQ,2019-07-15,182.9203
QQQ,2019-07-22,187.019
QQQ,2019-07-29,179.4153
QQQ,2019-08-05,178.5918
QQQ,2019-08-12,177.6245
QQQ,2019-08-19,174.3589
QQQ,2019-08-26,179.5302
QQQ,2019-09-02,183.4757
QQQ,2019-09-09,184.3855
QQQ,2019-09-16,182.7192
QQQ,2019-09-23,179.47
QQQ,2019-09-30,181.1781
QQQ,2019-10-07,183.3851
QQQ,2019-10-14,183.9417
QQQ,2019-10-21,187.732
QQQ,2019-10-28,190.8314
QQQ,2019-11-04,193.0961
QQQ,2019-11-11,194.7081
QQQ,2019-11-18,193.6718
QQQ,2019-11-25,196.8096
QQQ,2019-12-02,196.7136
QQQ,2019-12-09,198.8151
QQQ,2019-12-16,203.1525
QQQ,2019-12-23,205.42
QQQ,2019-12-30,205.9682
QQQ,2020-01-06,210.0552
QQQ,2020-01-13,214.8154
QQQ,2020-01-20,214.1615
QQQ,2020-01-27,210.6707
QQQ,2020-02-03,220.4123
QQQ,2020-02-10,225.6437
QQQ,2020-02-17,221.4413
QQQ,2020-02-24,197.9095
QQQ,2020-03-02,200.0444
QQQ,2020-03-09,184.9655
QQQ,2020-03-16,164.1552
QQQ,2020-03-23,178.5752
QQQ,2020-03-30,176.7152
QQQ,2020-04-06,193.5705
QQQ,2020-04-13,207.4768
QQQ,2020-04-20,206.0794
QQQ,2020-04-27,205.0194
QQQ,2020-05-04,216.6995
QQQ,2020-05-11,215.1672
QQQ,2020-05-18,221.3254
QQQ,2020-05-25,224.8911
QQQ,2020-06-01,230.9913
QQQ,2020-06-08,227.3196
QQQ,2020-06-15,235.3762
QQQ,2020-06-22,231.9047
QQQ,2020-06-29,243.4603
QQQ,2020-07-06,254.8325
QQQ,2020-07-13,250.44
QQQ,2020-07-20,246.7137
QQQ,2020-07-27,256.5896
QQQ,2020-08-03,262.073
QQQ,2020-08-10,262.739
QQQ,2020-08-17,272.1129
QQQ,2020-08-24,282.4039
QQQ,2020-08-31,273.7637
QQQ,2020-09-07,261.0882
QQQ,2020-09-14,257.6321
QQQ,2020-09-21,262.1598
QQQ,2020-09-28,264.8146
QQQ,2020-10-05,275.82
QQQ,2020-10-12,278.523
QQQ,2020-10-19,274.8836
QQQ,2020-10-26,260.0553
QQQ,2020-11-02,284.4119
QQQ,2020-11-09,280.8593
QQQ,2020-11-16,280.3284
QQQ,2020-11-23,288.6596
QQQ,2020-11-30,294.9443
QQQ,2020-12-07,291.4013
QQQ,2020-12-14,299.3271
QQQ,2020-12-21,299.3861
QQQ,2020-12-28,303.4287
QQQ,2021-01-04,308.5449
QQQ,2021-01-11,301.6105
QQQ,2021-01-18,314.7248
QQQ,2021-01-25,304.2218
QQQ,2021-02-01,320.4695
QQQ,2021-02-08,325.3923
QQQ,2021-02-15,320.1408
QQQ,2021-02-22,303.8156
QQQ,2021-03-01,298.535
QQQ,2021-03-08,305.0921
QQQ,2021-03-15,302.8484
QQQ,2021-03-22,306.0004
QQQ,2021-03-29,314.2993
QQQ,2021-04-05,326.4424
QQQ,2021-04-12,331.1873
QQQ,2021-04-19,328.6792
QQQ,2021-04-26,327.2946
QQQ,2021-05-03,323.6245
QQQ,2021-05-10,316.0616
QQQ,2021-05-17,316.6621
QQQ,2021-05-24,323.3631
QQQ,2021-05-31,324.9803
QQQ,2021-06-07,330.4417
QQQ,2021-06-14,331.7878
QQQ,2021-06-21,338.7942
QQQ,2021-06-28,347.694
QQQ,2021-07-05,349.9917
QQQ,2021-07-12,346.6857
QQQ,2021-07-19,356.9622
QQQ,2021-07-26,353.443
QQQ,2021-08-02,356.8168
QQQ,2021-08-09,357.5633
QQQ,2021-08-16,356.5066
QQQ,2021-08-23,364.563
QQQ,2021-08-30,369.9241
QQQ,2021-09-06,365.0961
QQQ,2021-09-13,362.4203
QQQ,2021-09-20,362.3369
QQQ,2021-09-27,349.5741
QQQ,2021-10-04,350.5252
QQQ,2021-10-11,358.0761
QQQ,2021-10-18,363.0843
QQQ,2021-10-25,374.7406
QQQ,2021-11-01,386.8628
QQQ,2021-11-08,383.0776
QQQ,2021-11-15,392.094
QQQ,2021-11-22,379.6807
QQQ,2021-11-29,371.8483
QQQ,2021-12-06,386.2902
QQQ,2021-12-13,373.5758
QQQ,2021-12-20,385.7244
QQQ,2021-12-27,386.6281
QQQ,2022-01-03,369.1454
QQQ,2022-01-10,369.2913
QQQ,2022-01-17,341.7701
QQQ,2022-01-24,341.877
QQQ,2022-01-31,347.9118
QQQ,2022-02-07,337.2707
QQQ,2022-02-14,331.8772
QQQ,2022-02-21,336.0171
QQQ,2022-02-28,327.7859
QQQ,2022-03-07,315.2498
QQQ,2022-03-14,341.5757
QQQ,2022-03-21,349.6458
QQQ,2022-03-28,352.0783
QQQ,2022-04-04,339.7212
QQQ,2022-04-11,329.2907
QQQ,2022-04-18,316.6126
QQQ,2022-04-25,304.7907
QQQ,2022-05-02,300.8987
QQQ,2022-05-09,293.7861
QQQ,2022-05-16,280.8842
QQQ,2022-05-23,300.7527
QQQ,2022-05-30,297.9311
QQQ,2022-06-06,281.0399
QQQ,2022-06-13,267.272
QQQ,2022-06-20,287.2051
QQQ,2022-06-27,275.0388
QQQ,2022-07-04,287.9265
QQQ,2022-07-11,284.5339
QQQ,2022-07-18,294.3996
QQQ,2022-07-25,307.531
QQQ,2022-08-01,313.6629
QQQ,2022-08-08,322.0858
QQQ,2022-08-15,314.7451
QQQ,2022-08-22,299.7126
QQQ,2022-08-29,287.7511
QQQ,2022-09-05,299.3714
QQQ,2022-09-12,282.0481
QQQ,2022-09-19,269.0678
QQQ,2022-09-26,261.0108
QQQ,2022-10-03,262.8077
QQQ,2022-10-10,254.6432
QQQ,2022-10-17,268.9799
QQQ,2022-10-24,274.6443
QQQ,2022-10-31,258.491
QQQ,2022-11-07,281.2267
QQQ,2022-11-14,278.1601
QQQ,2022-11-21,280.211
QQQ,2022-11-28,285.7094
QQQ,2022-12-05,275.4451
QQQ,2022-12-12,267.8373
QQQ,2022-12-19,261.7334
QQQ,2022-12-26,260.6762
QQQ,2023-01-02,263.1432
QQQ,2023-01-09,275.0571
QQQ,2023-01-16,276.7311
QQQ,2023-01-23,290.0253
QQQ,2023-01-30,299.7366
QQQ,2023-02-06,293.3928
QQQ,2023-02-13,294.8221
QQQ,2023-02-20,285.7082
QQQ,2023-02-27,293.3733
QQQ,2023-03-06,282.4776
QQQ,2023-03-13,298.9338
QQQ,2023-03-20,304.8186
QQQ,2023-03-27,314.6625
QQQ,2023-04-03,311.8387
QQQ,2023-04-10,312.3487
QQQ,2023-04-17,310.4269
QQQ,2023-04-24,316.2607
QQQ,2023-05-01,316.5843
QQQ,2023-05-08,318.6824
QQQ,2023-05-15,329.9383
QQQ,2023-05-22,341.5961
QQQ,2023-05-29,347.724
QQQ,2023-06-05,347.5769
QQQ,2023-06-12,360.7447
QQQ,2023-06-19,355.9475
QQQ,2023-06-26,362.7024
QQQ,2023-07-03,359.5803
QQQ,2023-07-10,372.1769
QQQ,2023-07-17,368.7994
QQQ,2023-07-24,376.5067
QQQ,2023-07-31,365.2748
QQQ,2023-08-07,359.5803
QQQ,2023-08-14,351.6177
QQQ,2023-08-21,357.4006
QQQ,2023-08-28,370.7238
QQQ,2023-09-04,365.805
QQQ,2023-09-11,364.0671
QQQ,2023-09-18,351.9104
QQQ,2023-09-25,352.2643
QQQ,2023-10-02,358.5865
QQQ,2023-10-09,359.1568
QQQ,2023-10-16,348.6559
QQQ,2023-10-23,339.5217
QQQ,2023-10-30,361.5461
QQQ,2023-11-06,372.0471
QQQ,2023-11-13,379.5688
QQQ,2023-11-20,382.9807
QQQ,2023-11-27,383.4034
QQQ,2023-12-04,385.5961
QQQ,2023-12-11,398.5453
QQQ,2023-12-18,402.3364
QQQ,2023-12-25,403.6717
QQQ,2024-01-01,391.084
QQQ,2024-01-08,403.7112
QQQ,2024-01-15,415.1653
QQQ,2024-01-22,417.7576
QQQ,2024-01-29,422.8834
QQQ,2024-02-05,430.8086
QQQ,2024-02-12,424.4212
QQQ,2024-02-19,430.5424
QQQ,2024-02-26,439.2463
QQQ,2024-03-04,432.7504
QQQ,2024-03-11,427.7233
QQQ,2024-03-18,440.5871
QQQ,2024-03-25,438.2479
QQQ,2024-04-01,434.7538
QQQ,2024-04-08,432.5824
QQQ,2024-04-15,409.2689
QQQ,2024-04-22,425.4067
QQQ,2024-04-29,429.8285
QQQ,2024-05-06,436.3232
QQQ,2024-05-13,445.8973
QQQ,2024-05-20,452.007
QQQ,2024-05-27,444.861
QQQ,2024-06-03,456.952
QQQ,2024-06-10,472.9713
QQQ,2024-06-17,473.9485
QQQ,2024-06-24,473.644
QQQ,2024-07-01,490.4995
QQQ,2024-07-08,489.1748
QQQ,2024-07-15,469.8181
QQQ,2024-07-22,457.6881
QQQ,2024-07-29,443.6304
QQQ,2024-08-05,445.2714
QQQ,2024-08-12,469.6106
QQQ,2024-08-19,474.5239
QQQ,2024-08-26,470.8364
QQQ,2024-09-02,443.5711
QQQ,2024-09-09,469.917
QQQ,2024-09-16,476.936
QQQ,2024-09-23,481.873
QQQ,2024-09-30,482.4373
QQQ,2024-10-07,488.4168
QQQ,2024-10-14,489.5157
QQQ,2024-10-21,490.3571
QQQ,2024-10-28,482.5462
QQQ,2024-11-04,508.9886
QQQ,2024-11-11,491.5947
QQQ,2024-11-18,500.7223
QQQ,2024-11-25,504.6327
QQQ,2024-12-02,521.2049
QQQ,2024-12-09,525.2144
QQQ,2024-12-16,513.4633
QQQ,2024-12-23,518.1584
QQQ,2024-12-30,514.2119
QQQ,2025-01-06,502.9179
QQQ,2025-01-13,517.3454
QQQ,2025-01-20,525.1689
QQQ,2025-01-27,517.8906
QQQ,2025-02-03,518.5154
QQQ,2025-02-10,533.6171
QQQ,2025-02-17,521.6488
QQQ,2025-02-24,503.8896
QQQ,2025-03-03,487.6476
QQQ,2025-03-10,475.6198
QQQ,2025-03-17,476.7898
QQQ,2025-03-24,465.6835
QQQ,2025-03-31,419.7348
QQQ,2025-04-07,451.2445
QQQ,2025-04-14,441.016
QQQ,2025-04-21,469.2784
QQQ,2025-04-28,485.4354
QQQ,2025-05-05,484.5814
QQQ,2025-05-12,517.8885
QQQ,2025-05-19,505.7037
QQQ,2025-05-26,515.5051
QQQ,2025-06-02,526.24
QQQ,2025-06-09,523.3006
QQQ,2025-06-16,523.1715
QQQ,2025-06-23,544.8952
QQQ,2025-06-30,552.9778
QQQ,2025-07-07,550.9695
QQQ,2025-07-14,557.9883
QQQ,2025-07-21,563.0686
QQQ,2025-07-28,550.6514
QQQ,2025-08-04,571.2009
QQQ,2025-08-11,573.9747
QQQ,2025-08-18,568.636
QQQ,2025-08-25,567.0752
QQQ,2025-09-01,572.7021
QQQ,2025-09-08,583.2403
QQQ,2025-09-15,595.8563
QQQ,2025-09-22,593.1829
QQQ,2025-09-29,600.3592
QQQ,2025-10-06,586.7432
QQQ,2025-10-13,601.1057
QQQ,2025-10-20,614.2141
QQQ,2025-10-27,626.1281
QQQ,2025-11-03,606.8885
QQQ,2025-11-10,606.0126
QQQ,2025-11-17,587.3105
QQQ,2025-11-24,616.354
QQQ,2025-12-01,622.5549
QQQ,2025-12-08,610.7504
QQQ,2025-12-15,614.1643
QQQ,2025-12-22,621.7725
QQQ,2025-12-29,611.0389
QQQ,2026-01-05,624.5231
QQQ,2026-01-12,619.1514
QQQ,2026-01-19,620.6064
QQQ,2026-01-26,619.7592
QQQ,2026-02-02,607.5807
QQQ,2026-02-09,599.877
QQQ,2026-02-16,606.7437
QQQ,2026-02-23,605.2288
QQQ,2026-03-02,597.7143
QQQ,2026-03-09,591.7048
QQQ,2026-03-16,580.0844
QQQ,2026-03-23,561.3774
QQQ,2026-03-30,583.7296
QQQ,2026-04-06,609.7638
QQQ,2026-04-13,647.463
QQQ,2026-04-20,662.4609
QQQ,2026-04-27,672.709
QQQ,2026-05-04,709.7097
QQQ,2026-05-11,707.4146
QQQ,2026-05-18,716.0062
QQQ,2026-05-25,736.7318
QQQ,2026-06-01,703.5529
QQQ,2026-06-08,719.7982
QQQ,2026-06-15,739.0369
QQQ,2026-06-22,705.7846
QQQ,2026-06-29,711.8582
QQQ,2026-07-06,724.7548
QQQ,2026-07-13,694.6062
QQQ,2026-07-20,683.5178
QQQ,2026-07-27,687.2739
QQQ,2026-08-03,722.2774
QQQ,2026-08-10,730.309
QQQ,2026-08-17,712.6974
QQQ,2026-08-24,715.6843
QQQ,2026-08-31,718.2116
QQQ,2026-09-07,714.1359
QQQ,2026-09-14,720.699
QQQ,2026-09-21,741.1
SPY,1998-01-01,58.8929
SPY,1998-01-08,58.4541
SPY,1998-01-15,59.179
SPY,1998-01-22,59.656
SPY,1998-01-29,61.3921
SPY,1998-02-05,62.3651
SPY,1998-02-12,63.1472
SPY,1998-02-19,63.8149
SPY,1998-02-26,63.9867
SPY,1998-03-05,65.3602
SPY,1998-03-12,66.524
SPY,1998-03-19,67.4422
SPY,1998-03-26,67.8535
SPY,1998-04-02,67.5378
SPY,1998-04-09,68.6475
SPY,1998-04-16,69.2406
SPY,1998-04-23,66.9256
SPY,1998-04-30,67.4804
SPY,1998-05-07,68.7049
SPY,1998-05-14,68.8197
SPY,1998-05-21,67.1169
SPY,1998-05-28,66.0455
SPY,1998-06-04,68.2648
SPY,1998-06-11,68.2457
SPY,1998-06-18,69.6529
SPY,1998-06-25,70.4014
SPY,1998-07-02,71.6298
SPY,1998-07-09,72.2248
SPY,1998-07-16,71.553
SPY,1998-07-23,69.1154
SPY,1998-07-30,66.6203
SPY,1998-08-06,66.7547
SPY,1998-08-13,67.6184
SPY,1998-08-20,66.8698
SPY,1998-08-27,61.0158
SPY,1998-09-03,61.726
SPY,1998-09-10,64.4898
SPY,1998-09-17,65.9503
SPY,1998-09-24,62.7144
SPY,1998-10-01,59.8638
SPY,1998-10-08,61.9826
SPY,1998-10-15,65.7192
SPY,1998-10-22,65.8348
SPY,1998-10-29,69.1863
SPY,1998-11-05,69.1863
SPY,1998-11-12,70.7271
SPY,1998-11-19,73.1155
SPY,1998-11-26,72.2873
SPY,1998-12-03,73.1155
SPY,1998-12-10,71.825
SPY,1998-12-17,76.1992
SPY,1998-12-24,76.2572
SPY,1998-12-31,78.8081
SPY,1999-01-07,76.2958
SPY,1999-01-14,78.0351
SPY,1999-01-21,77.0495
SPY,1999-01-28,78.7888
SPY,1999-02-04,75.6388
SPY,1999-02-11,75.9093
SPY,1999-02-18,77.4553
SPY,1999-02-25,76.3538
SPY,1999-03-04,79.8903
SPY,1999-03-11,80.4894
SPY,1999-03-18,78.6699
SPY,1999-03-25,79.5804
SPY,1999-04-01,82.5443
SPY,1999-04-08,82.5443
SPY,1999-04-15,83.6098
SPY,1999-04-22,83.9197
SPY,1999-04-29,83.571
SPY,1999-05-06,84.7722
SPY,1999-05-13,83.6292
SPY,1999-05-20,80.859
SPY,1999-05-27,80.5103
SPY,1999-06-03,81.905
SPY,1999-06-10,82.6412
SPY,1999-06-17,82.7158
SPY,1999-06-24,85.1835
SPY,1999-07-01,86.7768
SPY,1999-07-08,87.146
SPY,1999-07-15,85.6984
SPY,1999-07-22,84.756
SPY,1999-07-29,81.2196
SPY,1999-08-05,80.9671
SPY,1999-08-12,83.1044
SPY,1999-08-19,86.0384
SPY,1999-08-26,83.1239
SPY,1999-09-02,83.8233
SPY,1999-09-09,82.0357
SPY,1999-09-16,81.4387
SPY,1999-09-23,79.0712
SPY,1999-09-30,82.6955
SPY,1999-10-07,79.9286
SPY,1999-10-14,79.9675
SPY,1999-10-21,81.1367
SPY,1999-10-28,84.4881
SPY,1999-11-04,85.8715
SPY,1999-11-11,88.3072
SPY,1999-11-18,88.5215
SPY,1999-11-25,87.5473
SPY,1999-12-02,87.7421
SPY,1999-12-09,88.2293
SPY,1999-12-16,90.1257
SPY,1999-12-23,91.7665
SPY,1999-12-30,87.5083
SPY,2000-01-06,89.4225
SPY,2000-01-13,91.8837
SPY,2000-01-20,88.0161
SPY,2000-01-27,88.1724
SPY,2000-02-03,88.3091
SPY,2000-02-10,86.8832
SPY,2000-02-17,85.3596
SPY,2000-02-24,86.5316
SPY,2000-03-02,85.5549
SPY,2000-03-09,87.3911
SPY,2000-03-16,94.0559
SPY,2000-03-23,94.7608
SPY,2000-03-30,93.488
SPY,2000-04-06,91.6668
SPY,2000-04-13,89.6889
SPY,2000-04-20,91.7941
SPY,2000-04-27,88.2006
SPY,2000-05-04,86.5557
SPY,2000-05-11,90.9618
SPY,2000-05-18,87.8873
SPY,2000-05-25,89.4931
SPY,2000-06-01,92.4207
SPY,2000-06-08,92.6459
SPY,2000-06-15,92.8837
SPY,2000-06-22,91.4311
SPY,2000-06-29,90.8422
SPY,2000-07-06,93.6688
SPY,2000-07-13,93.3155
SPY,2000-07-20,91.6274
SPY,2000-07-27,90.8227
SPY,2000-08-03,92.6089
SPY,2000-08-10,93.3547
SPY,2000-08-17,94.7484
SPY,2000-08-24,94.4343
SPY,2000-08-31,93.9436
SPY,2000-09-07,93.5216
SPY,2000-09-14,91.2377
SPY,2000-09-21,90.1456
SPY,2000-09-28,90.4801
SPY,2000-10-05,85.9739
SPY,2000-10-12,84.5374
SPY,2000-10-19,85.8361
SPY,2000-10-26,89.7127
SPY,2000-11-02,88.5124
SPY,2000-11-09,87.8827
SPY,2000-11-16,83.2091
SPY,2000-11-23,84.0257
SPY,2000-11-30,85.3343
SPY,2000-12-07,85.7279
SPY,2000-12-14,79.7436
SPY,2000-12-21,84.2045
SPY,2000-12-28,85.2704
SPY,2001-01-04,83.4544
SPY,2001-01-11,84.2933
SPY,2001-01-18,86.1389
SPY,2001-01-25,86.5463
SPY,2001-02-01,85.0746
SPY,2001-02-08,83.4134
SPY,2001-02-15,79.3456
SPY,2001-02-22,78.2908
SPY,2001-03-01,80.2047
SPY,2001-03-08,74.3116
SPY,2001-03-15,71.098
SPY,2001-03-22,72.8586
SPY,2001-03-29,70.205
SPY,2001-04-05,73.929
SPY,2001-04-12,78.5333
SPY,2001-04-19,78.0077
SPY,2001-04-26,80.3193
SPY,2001-05-03,79.5783
SPY,2001-05-10,81.6684
SPY,2001-05-17,81.8583
SPY,2001-05-24,79.3566
SPY,2001-05-31,80.8956
SPY,2001-06-07,79.04
SPY,2001-06-14,77.7595
SPY,2001-06-21,77.1561
SPY,2001-06-28,78.8202
SPY,2001-07-05,75.1872
SPY,2001-07-12,76.8576
SPY,2001-07-19,75.6445
SPY,2001-07-26,77.5563
SPY,2001-08-02,75.2825
SPY,2001-08-09,75.0983
SPY,2001-08-16,74.3234
SPY,2001-08-23,73.3834
SPY,2001-08-30,72.2148
SPY,2001-09-06,69.8965
SPY,2001-09-13,64.752
SPY,2001-09-20,64.6379
SPY,2001-09-27,68.4375
SPY,2001-10-04,69.0559
SPY,2001-10-11,68.6288
SPY,2001-10-18,69.2472
SPY,2001-10-25,67.4494
SPY,2001-11-01,71.5613
SPY,2001-11-08,73.0978
SPY,2001-11-15,72.7025
SPY,2001-11-22,72.2562
SPY,2001-11-29,74.8446
SPY,2001-12-06,72.8555
SPY,2001-12-13,73.8181
SPY,2001-12-20,73.797
SPY,2001-12-27,73.9057
SPY,2002-01-03,73.9314
SPY,2002-01-10,72.1721
SPY,2002-01-17,72.4344
SPY,2002-01-24,71.5644
SPY,2002-01-31,69.5365
SPY,2002-02-07,71.8203
SPY,2002-02-14,70.7456
SPY,2002-02-21,71.4237
SPY,2002-02-28,74.6862
SPY,2002-03-07,74.232
SPY,2002-03-14,73.9314
SPY,2002-03-21,73.5016
SPY,2002-03-28,72.5841
SPY,2002-04-04,72.7574
SPY,2002-04-11,72.4687
SPY,2002-04-18,70.1912
SPY,2002-04-25,70.0437
SPY,2002-05-02,69.9346
SPY,2002-05-09,70.435
SPY,2002-05-16,69.8897
SPY,2002-05-23,68.8376
SPY,2002-05-30,67.7534
SPY,2002-06-06,65.8095
SPY,2002-06-13,65.771
SPY,2002-06-20,62.911
SPY,2002-06-27,61.4882
SPY,2002-07-04,59.3058
SPY,2002-07-11,58.4174
SPY,2002-07-18,54.5418
SPY,2002-07-25,58.6878
SPY,2002-08-01,56.7178
SPY,2002-08-08,59.3702
SPY,2002-08-15,61.6427
SPY,2002-08-22,59.2929
SPY,2002-08-29,57.6448
SPY,2002-09-05,58.6684
SPY,2002-09-12,55.9774
SPY,2002-09-19,54.547
SPY,2002-09-26,53.771
SPY,2002-10-03,50.5052
SPY,2002-10-10,55.9697
SPY,2002-10-17,58.33
SPY,2002-10-24,57.8321
SPY,2002-10-31,60.1666
SPY,2002-11-07,57.5864
SPY,2002-11-14,59.7333
SPY,2002-11-21,60.9684
SPY,2002-11-28,59.785
SPY,2002-12-05,58.7051
SPY,2002-12-12,58.0714
SPY,2002-12-19,58.0643
SPY,2002-12-26,57.3365
SPY,2003-01-02,59.39
SPY,2003-01-09,60.0464
SPY,2003-01-16,57.2975
SPY,2003-01-23,56.1992
SPY,2003-01-30,55.14
SPY,2003-02-06,53.3528
SPY,2003-02-13,55.3544
SPY,2003-02-20,54.0937
SPY,2003-02-27,54.2302
SPY,2003-03-06,52.677
SPY,2003-03-13,57.161
SPY,2003-03-20,56.8173
SPY,2003-03-27,57.4958
SPY,2003-04-03,56.7847
SPY,2003-04-10,57.5807
SPY,2003-04-17,60.1449
SPY,2003-04-24,59.9687
SPY,2003-05-01,60.9344
SPY,2003-05-08,61.6652
SPY,2003-05-15,60.4516
SPY,2003-05-22,62.422
SPY,2003-05-29,64.6992
SPY,2003-06-05,65.443
SPY,2003-06-12,66.2716
SPY,2003-06-19,63.8655
SPY,2003-06-26,65.3323
SPY,2003-07-03,65.8627
SPY,2003-07-10,65.4305
SPY,2003-07-17,64.9853
SPY,2003-07-24,64.9329
SPY,2003-07-31,63.5053
SPY,2003-08-07,64.8543
SPY,2003-08-14,65.7776
SPY,2003-08-21,65.5746
SPY,2003-08-28,67.6832
SPY,2003-09-04,66.7664
SPY,2003-09-11,67.6962
SPY,2003-09-18,66.464
SPY,2003-09-25,67.1016
SPY,2003-10-02,68.3636
SPY,2003-10-09,69.0144
SPY,2003-10-16,68.0613
SPY,2003-10-23,69.1393
SPY,2003-10-30,69.5732
SPY,2003-11-06,69.8953
SPY,2003-11-13,68.837
SPY,2003-11-20,69.9216
SPY,2003-11-27,70.4409
SPY,2003-12-04,70.1582
SPY,2003-12-11,71.3217
SPY,2003-12-18,72.3984
SPY,2003-12-25,73.4948
SPY,2004-01-01,74.5845
SPY,2004-01-08,74.9609
SPY,2004-01-15,76.0177
SPY,2004-01-22,74.8751
SPY,2004-01-29,74.5317
SPY,2004-02-05,76.6583
SPY,2004-02-12,76.3875
SPY,2004-02-19,75.8658
SPY,2004-02-26,76.4074
SPY,2004-03-04,74.3534
SPY,2004-03-11,74.6572
SPY,2004-03-18,72.6058
SPY,2004-03-25,74.9586
SPY,2004-04-01,75.9727
SPY,2004-04-08,75.1508
SPY,2004-04-15,74.6736
SPY,2004-04-22,74.7731
SPY,2004-04-29,74.7466
SPY,2004-05-06,73.2024
SPY,2004-05-13,72.4203
SPY,2004-05-20,74.3887
SPY,2004-05-27,74.9785
SPY,2004-06-03,75.416
SPY,2004-06-10,75.5551
SPY,2004-06-17,76.3298
SPY,2004-06-24,76.1835
SPY,2004-07-01,74.6469
SPY,2004-07-08,74.1813
SPY,2004-07-15,72.8909
SPY,2004-07-22,73.2367
SPY,2004-07-29,73.3033
SPY,2004-08-05,71.9462
SPY,2004-08-12,73.1902
SPY,2004-08-19,73.9019
SPY,2004-08-26,74.0482
SPY,2004-09-02,74.8864
SPY,2004-09-09,75.0327
SPY,2004-09-16,74.5101
SPY,2004-09-23,74.7038
SPY,2004-09-30,76.6008
SPY,2004-10-07,74.5034
SPY,2004-10-14,73.8221
SPY,2004-10-21,75.3985
SPY,2004-10-28,76.8012
SPY,2004-11-04,78.1304
SPY,2004-11-11,79.2058
SPY,2004-11-18,79.3467
SPY,2004-11-25,79.876
SPY,2004-12-02,79.5812
SPY,2004-12-09,80.9814
SPY,2004-12-16,81.2293
SPY,2004-12-23,81.687
SPY,2004-12-30,79.4322
SPY,2005-01-06,79.8091
SPY,2005-01-13,79.5735
SPY,2005-01-20,78.9071
SPY,2005-01-27,80.2803
SPY,2005-02-03,80.3071
SPY,2005-02-10,81.586
SPY,2005-02-17,80.4014
SPY,2005-02-24,81.5591
SPY,2005-03-03,81.4245
SPY,2005-03-10,80.1793
SPY,2005-03-17,79.0616
SPY,2005-03-24,79.859
SPY,2005-03-31,80.1428
SPY,2005-04-07,79.2644
SPY,2005-04-14,76.8993
SPY,2005-04-21,78.1494
SPY,2005-04-28,79.3995
SPY,2005-05-05,79.2238
SPY,2005-05-12,80.2712
SPY,2005-05-19,80.6902
SPY,2005-05-26,81.4267
SPY,2005-06-02,81.0281
SPY,2005-06-09,81.8254
SPY,2005-06-16,82.4813
SPY,2005-06-23,81.3008
SPY,2005-06-30,81.0633
SPY,2005-07-07,83.0648
SPY,2005-07-14,83.7501
SPY,2005-07-21,83.9875
SPY,2005-07-28,84.6185
SPY,2005-08-04,83.6754
SPY,2005-08-11,82.9087
SPY,2005-08-18,82.1964
SPY,2005-08-25,83.1666
SPY,2005-09-01,84.0689
SPY,2005-09-08,83.594
SPY,2005-09-15,82.3828
SPY,2005-09-22,82.9006
SPY,2005-09-29,81.5106
SPY,2005-10-06,80.0593
SPY,2005-10-13,81.6128
SPY,2005-10-20,81.3335
SPY,2005-10-27,82.9551
SPY,2005-11-03,83.3912
SPY,2005-11-10,84.1406
SPY,2005-11-17,86.5526
SPY,2005-11-24,85.4488
SPY,2005-12-01,85.9054
SPY,2005-12-08,87.0841
SPY,2005-12-15,86.3265
SPY,2005-12-22,86.1347
SPY,2005-12-29,87.1964
SPY,2006-01-05,88.5732
SPY,2006-01-12,87.5526
SPY,2006-01-19,86.758
SPY,2006-01-26,87.943
SPY,2006-02-02,86.7306
SPY,2006-02-09,87.8129
SPY,2006-02-16,88.5458
SPY,2006-02-23,88.6142
SPY,2006-03-02,87.8403
SPY,2006-03-09,89.5663
SPY,2006-03-16,89.6612
SPY,2006-03-23,89.4206
SPY,2006-03-30,90.0945
SPY,2006-04-06,88.6297
SPY,2006-04-13,90.0532
SPY,2006-04-20,89.675
SPY,2006-04-27,90.0119
SPY,2006-05-04,91.1535
SPY,2006-05-11,87.2337
SPY,2006-05-18,86.7661
SPY,2006-05-25,87.6876
SPY,2006-06-01,86.5529
SPY,2006-06-08,84.9299
SPY,2006-06-15,86.3483
SPY,2006-06-22,86.1687
SPY,2006-06-29,87.7712
SPY,2006-07-06,87.0667
SPY,2006-07-13,86.818
SPY,2006-07-20,87.6054
SPY,2006-07-27,88.4689
SPY,2006-08-03,87.7091
SPY,2006-08-10,89.5879
SPY,2006-08-17,89.6293
SPY,2006-08-24,90.2509
SPY,2006-08-31,90.1473
SPY,2006-09-07,91.3285
SPY,2006-09-14,91.9313
SPY,2006-09-21,92.7847
SPY,2006-09-28,93.6033
SPY,2006-10-05,93.7351
SPY,2006-10-12,94.7619
SPY,2006-10-19,95.983
SPY,2006-10-26,94.9492
SPY,2006-11-02,96.3715
SPY,2006-11-09,97.1416
SPY,2006-11-16,97.7659
SPY,2006-11-23,97.4537
SPY,2006-11-30,98.3626
SPY,2006-12-07,98.425
SPY,2006-12-14,99.1618
SPY,2006-12-21,99.4199
SPY,2006-12-28,98.6246
SPY,2007-01-04,98.7431
SPY,2007-01-11,99.7757
SPY,2007-01-18,100.4245
SPY,2007-01-25,100.285
SPY,2007-02-01,101.3035
SPY,2007-02-08,101.5826
SPY,2007-02-15,101.8407
SPY,2007-02-22,98.3176
SPY,2007-03-01,97.3619
SPY,2007-03-08,97.1665
SPY,2007-03-15,100.3605
SPY,2007-03-22,99.3309
SPY,2007-03-29,100.7528
SPY,2007-04-05,100.8718
SPY,2007-04-12,103.1481
SPY,2007-04-19,104.696
SPY,2007-04-26,104.7381
SPY,2007-05-03,105.8727
SPY,2007-05-10,106.1808
SPY,2007-05-17,106.7692
SPY,2007-05-24,107.4976
SPY,2007-05-31,106.349
SPY,2007-06-07,106.384
SPY,2007-06-14,106.3149
SPY,2007-06-21,105.7944
SPY,2007-06-28,107.159
SPY,2007-07-05,106.9129
SPY,2007-07-12,108.6573
SPY,2007-07-19,106.6455
SPY,2007-07-26,103.0018
SPY,2007-08-02,105.3934
SPY,2007-08-09,99.2104
SPY,2007-08-16,103.1566
SPY,2007-08-23,103.0792
SPY,2007-08-30,103.9585
SPY,2007-09-06,104.0147
SPY,2007-09-13,107.8765
SPY,2007-09-20,107.5614
SPY,2007-09-27,108.6852
SPY,2007-10-04,110.4096
SPY,2007-10-11,109.0173
SPY,2007-10-18,107.0596
SPY,2007-10-25,109.3
SPY,2007-11-01,104.5365
SPY,2007-11-08,104.3669
SPY,2007-11-15,100.1334
SPY,2007-11-22,103.9852
SPY,2007-11-29,105.1725
SPY,2007-12-06,105.5683
SPY,2007-12-13,103.1018
SPY,2007-12-20,106.2565
SPY,2007-12-27,102.9739
SPY,2008-01-03,99.734
SPY,2008-01-10,97.3254
SPY,2008-01-17,95.1086
SPY,2008-01-24,95.8547
SPY,2008-01-31,94.5331
SPY,2008-02-07,96.892
SPY,2008-02-14,96.5723
SPY,2008-02-21,98.2065
SPY,2008-02-28,95.0873
SPY,2008-03-06,93.3324
SPY,2008-03-13,92.5935
SPY,2008-03-20,95.1082
SPY,2008-03-27,97.6073
SPY,2008-04-03,96.9861
SPY,2008-04-10,97.7144
SPY,2008-04-17,98.3357
SPY,2008-04-24,98.7212
SPY,2008-05-01,99.6209
SPY,2008-05-08,100.5134
SPY,2008-05-15,99.5995
SPY,2008-05-22,99.4638
SPY,2008-05-29,98.5498
SPY,2008-06-05,95.6366
SPY,2008-06-12,95.858
SPY,2008-06-19,94.5865
SPY,2008-06-26,90.5464
SPY,2008-07-03,89.5489
SPY,2008-07-10,88.9534
SPY,2008-07-17,91.9744
SPY,2008-07-24,92.2327
SPY,2008-07-31,92.5198
SPY,2008-08-07,92.2615
SPY,2008-08-14,91.5511
SPY,2008-08-21,92.3045
SPY,2008-08-28,91.7663
SPY,2008-09-04,88.7811
SPY,2008-09-11,83.679
SPY,2008-09-18,85.8378
SPY,2008-09-25,83.7664
SPY,2008-10-02,70.3779
SPY,2008-10-09,64.972
SPY,2008-10-16,65.4195
SPY,2008-10-23,67.1806
SPY,2008-10-30,69.4252
SPY,2008-11-06,61.9407
SPY,2008-11-13,58.8227
SPY,2008-11-20,64.2142
SPY,2008-11-27,63.0233
SPY,2008-12-04,65.0369
SPY,2008-12-11,65.6721
SPY,2008-12-18,63.0547
SPY,2008-12-25,65.6596
SPY,2009-01-01,65.9724
SPY,2009-01-08,61.3885
SPY,2009-01-15,61.1556
SPY,2009-01-22,63.5858
SPY,2009-01-29,60.6317
SPY,2009-02-05,60.8282
SPY,2009-02-12,57.503
SPY,2009-02-19,55.9314
SPY,2009-02-26,52.1915
SPY,2009-03-05,52.8536
SPY,2009-03-12,58.1579
SPY,2009-03-19,59.688
SPY,2009-03-26,59.4022
SPY,2009-04-02,60.4795
SPY,2009-04-09,62.4727
SPY,2009-04-16,61.9524
SPY,2009-04-23,64.041
SPY,2009-04-30,67.5219
SPY,2009-05-07,64.9863
SPY,2009-05-14,66.3273
SPY,2009-05-21,65.7118
SPY,2009-05-28,68.6284
SPY,2009-06-04,69.178
SPY,2009-06-11,67.0894
SPY,2009-06-18,66.4146
SPY,2009-06-25,68.0432
SPY,2009-07-02,64.8523
SPY,2009-07-09,68.7286
SPY,2009-07-16,70.4163
SPY,2009-07-23,71.9639
SPY,2009-07-30,73.9979
SPY,2009-08-06,74.2853
SPY,2009-08-13,73.6663
SPY,2009-08-20,76.0319
SPY,2009-08-27,73.5631
SPY,2009-09-03,76.4446
SPY,2009-09-10,79.0903
SPY,2009-09-17,78.6228
SPY,2009-09-24,78.186
SPY,2009-10-01,78.3415
SPY,2009-10-08,80.9405
SPY,2009-10-15,80.1408
SPY,2009-10-22,77.3122
SPY,2009-10-29,77.6899
SPY,2009-11-05,81.5625
SPY,2009-11-12,82.3918
SPY,2009-11-19,82.4733
SPY,2009-11-26,82.377
SPY,2009-12-03,81.4662
SPY,2009-12-10,82.577
SPY,2009-12-17,83.3416
SPY,2009-12-24,83.766
SPY,2009-12-31,84.6519
SPY,2010-01-07,85.3293
SPY,2010-01-14,84.7859
SPY,2010-01-21,81.7634
SPY,2010-01-28,81.7634
SPY,2010-02-04,79.664
SPY,2010-02-11,82.0835
SPY,2010-02-18,82.5004
SPY,2010-02-25,83.6022
SPY,2010-03-04,85.5899
SPY,2010-03-11,87.1756
SPY,2010-03-18,87.3402
SPY,2010-03-25,87.4598
SPY,2010-04-01,88.4764
SPY,2010-04-08,90.5919
SPY,2010-04-15,90.1957
SPY,2010-04-22,89.2389
SPY,2010-04-29,87.3253
SPY,2010-05-06,87.7962
SPY,2010-05-13,83.5428
SPY,2010-05-20,80.1117
SPY,2010-05-27,82.4738
SPY,2010-06-03,79.2745
SPY,2010-06-10,83.6923
SPY,2010-06-17,82.0401
SPY,2010-06-24,77.5261
SPY,2010-07-01,79.6967
SPY,2010-07-08,82.3555
SPY,2010-07-15,80.4177
SPY,2010-07-22,83.2418
SPY,2010-07-29,84.8491
SPY,2010-08-05,82.0926
SPY,2010-08-12,82.4606
SPY,2010-08-19,79.569
SPY,2010-08-26,81.4617
SPY,2010-09-02,82.9263
SPY,2010-09-09,84.9317
SPY,2010-09-16,85.6431
SPY,2010-09-23,86.436
SPY,2010-09-30,87.6139
SPY,2010-10-07,89.041
SPY,2010-10-14,89.0033
SPY,2010-10-21,89.3884
SPY,2010-10-28,90.5739
SPY,2010-11-04,92.1974
SPY,2010-11-11,89.2676
SPY,2010-11-18,90.7627
SPY,2010-11-25,91.3743
SPY,2010-12-02,93.0884
SPY,2010-12-09,93.7076
SPY,2010-12-16,95.4756
SPY,2010-12-23,95.5819
SPY,2010-12-30,96.8875
SPY,2011-01-06,97.601
SPY,2011-01-13,97.3505
SPY,2011-01-20,98.4284
SPY,2011-01-27,99.0509
SPY,2011-02-03,100.4019
SPY,2011-02-10,101.6013
SPY,2011-02-17,99.4531
SPY,2011-02-24,99.5974
SPY,2011-03-03,100.493
SPY,2011-03-10,95.7792
SPY,2011-03-17,98.8483
SPY,2011-03-24,101.2193
SPY,2011-03-31,101.8978
SPY,2011-04-07,100.2206
SPY,2011-04-14,101.4709
SPY,2011-04-21,103.4302
SPY,2011-04-28,102.7898
SPY,2011-05-05,102.4925
SPY,2011-05-12,102.4315
SPY,2011-05-19,100.9296
SPY,2011-05-26,100.5332
SPY,2011-06-02,97.903
SPY,2011-06-09,96.8357
SPY,2011-06-16,98.5799
SPY,2011-06-23,100.1505
SPY,2011-06-30,102.6405
SPY,2011-07-07,101.0086
SPY,2011-07-14,101.6292
SPY,2011-07-21,100.0586
SPY,2011-07-28,96.6646
SPY,2011-08-04,86.0305
SPY,2011-08-11,91.6846
SPY,2011-08-18,90.4664
SPY,2011-08-25,93.6383
SPY,2011-09-01,92.1596
SPY,2011-09-08,91.4548
SPY,2011-09-15,89.8178
SPY,2011-09-22,88.6704
SPY,2011-09-29,88.1159
SPY,2011-10-06,92.9907
SPY,2011-10-13,93.2833
SPY,2011-10-20,95.7246
SPY,2011-10-27,95.4858
SPY,2011-11-03,94.8466
SPY,2011-11-10,95.5551
SPY,2011-11-17,89.7639
SPY,2011-11-24,96.2559
SPY,2011-12-01,97.5959
SPY,2011-12-08,93.7531
SPY,2011-12-15,96.2309
SPY,2011-12-22,96.7424
SPY,2011-12-29,98.9666
SPY,2012-01-05,100.1291
SPY,2012-01-12,101.3459
SPY,2012-01-19,102.7331
SPY,2012-01-26,102.6634
SPY,2012-02-02,104.7713
SPY,2012-02-09,104.2831
SPY,2012-02-16,105.4223
SPY,2012-02-23,106.1896
SPY,2012-03-01,105.1588
SPY,2012-03-08,108.4293
SPY,2012-03-15,109.138
SPY,2012-03-22,109.3404
SPY,2012-03-29,108.8656
SPY,2012-04-05,106.6394
SPY,2012-04-12,107.8926
SPY,2012-04-19,108.344
SPY,2012-04-26,109.2236
SPY,2012-05-03,105.6586
SPY,2012-05-10,103.3935
SPY,2012-05-17,102.9576
SPY,2012-05-24,102.5606
SPY,2012-05-31,102.7241
SPY,2012-06-07,102.8019
SPY,2012-06-14,106.0026
SPY,2012-06-21,104.1952
SPY,2012-06-28,107.5127
SPY,2012-07-05,104.9698
SPY,2012-07-12,107.4814
SPY,2012-07-19,104.8134
SPY,2012-07-26,107.6535
SPY,2012-08-02,109.9226
SPY,2012-08-09,110.2825
SPY,2012-08-16,110.9632
SPY,2012-08-23,110.7206
SPY,2012-08-30,110.2512
SPY,2012-09-06,112.974
SPY,2012-09-13,114.7814
SPY,2012-09-20,112.7119
SPY,2012-09-27,114.1277
SPY,2012-10-04,112.704
SPY,2012-10-11,115.0008
SPY,2012-10-18,110.9263
SPY,2012-10-25,111.1859
SPY,2012-11-01,109.9037
SPY,2012-11-08,106.9225
SPY,2012-11-15,109.6913
SPY,2012-11-22,111.2724
SPY,2012-11-29,111.3038
SPY,2012-12-06,112.8849
SPY,2012-12-13,113.4984
SPY,2012-12-20,112.2913
SPY,2012-12-27,115.7056
SPY,2013-01-03,115.5947
SPY,2013-01-10,116.4898
SPY,2013-01-17,118.3277
SPY,2013-01-24,118.8822
SPY,2013-01-31,119.7457
SPY,2013-02-07,120.5299
SPY,2013-02-14,119.8883
SPY,2013-02-21,120.3398
SPY,2013-02-28,122.3916
SPY,2013-03-07,123.5006
SPY,2013-03-14,123.8828
SPY,2013-03-21,124.2806
SPY,2013-03-28,123.5168
SPY,2013-04-04,126.254
SPY,2013-04-11,123.4213
SPY,2013-04-18,125.6254
SPY,2013-04-25,125.9437
SPY,2013-05-02,129.97
SPY,2013-05-09,132.1819
SPY,2013-05-16,132.0308
SPY,2013-05-23,131.4658
SPY,2013-05-30,128.3228
SPY,2013-06-06,128.7048
SPY,2013-06-13,130.0574
SPY,2013-06-20,128.0979
SPY,2013-06-27,129.0098
SPY,2013-07-04,132.1375
SPY,2013-07-11,134.3452
SPY,2013-07-18,134.8011
SPY,2013-07-25,134.9531
SPY,2013-08-01,135.3291
SPY,2013-08-08,134.9771
SPY,2013-08-15,131.6335
SPY,2013-08-22,131.1136
SPY,2013-08-29,132.5854
SPY,2013-09-05,135.5051
SPY,2013-09-12,138.4247
SPY,2013-09-19,135.8762
SPY,2013-09-26,135.9887
SPY,2013-10-03,133.1111
SPY,2013-10-10,138.3118
SPY,2013-10-17,140.3213
SPY,2013-10-24,141.7039
SPY,2013-10-31,142.4112
SPY,2013-11-07,143.3838
SPY,2013-11-14,143.4561
SPY,2013-11-21,145.5862
SPY,2013-11-28,144.469
SPY,2013-12-05,143.6572
SPY,2013-12-12,146.0525
SPY,2013-12-19,147.8394
SPY,2013-12-26,149.2619
SPY,2014-01-02,148.3163
SPY,2014-01-09,149.2376
SPY,2014-01-16,148.9467
SPY,2014-01-23,143.3299
SPY,2014-01-30,141.568
SPY,2014-02-06,147.1445
SPY,2014-02-13,147.9122
SPY,2014-02-20,149.3912
SPY,2014-02-27,151.7349
SPY,2014-03-06,151.3551
SPY,2014-03-13,150.854
SPY,2014-03-20,150.1479
SPY,2014-03-27,153.3219
SPY,2014-04-03,151.8688
SPY,2014-04-10,151.0895
SPY,2014-04-17,152.161
SPY,2014-04-24,152.8591
SPY,2014-05-01,152.5101
SPY,2014-05-08,153.4679
SPY,2014-05-15,153.5248
SPY,2014-05-22,155.3512
SPY,2014-05-29,156.8204
SPY,2014-06-05,158.2247
SPY,2014-06-12,159.3125
SPY,2014-06-19,159.5212
SPY,2014-06-26,160.867
SPY,2014-07-03,160.7774
SPY,2014-07-10,161.4624
SPY,2014-07-17,162.0171
SPY,2014-07-24,160.6631
SPY,2014-07-31,156.6583
SPY,2014-08-07,158.9177
SPY,2014-08-14,162.2454
SPY,2014-08-21,163.3302
SPY,2014-08-28,163.5341
SPY,2014-09-04,163.1834
SPY,2014-09-11,163.738
SPY,2014-09-18,163.5283
SPY,2014-09-25,159.259
SPY,2014-10-02,161.1355
SPY,2014-10-09,152.769
SPY,2014-10-16,157.8987
SPY,2014-10-23,162.34
SPY,2014-10-30,165.8063
SPY,2014-11-06,167.1339
SPY,2014-11-13,168.1663
SPY,2014-11-20,170.1494
SPY,2014-11-27,170.3543
SPY,2014-12-04,166.4783
SPY,2014-12-11,165.3556
SPY,2014-12-18,171.1956
SPY,2014-12-25,169.3582
SPY,2015-01-01,166.6968
SPY,2015-01-08,165.502
SPY,2015-01-15,167.3312
SPY,2015-01-22,164.9087
SPY,2015-01-29,168.1387
SPY,2015-02-05,170.5035
SPY,2015-02-12,173.1402
SPY,2015-02-19,174.3761
SPY,2015-02-26,173.2225
SPY,2015-03-05,168.5012
SPY,2015-03-12,173.4121
SPY,2015-03-19,170.2962
SPY,2015-03-26,170.2466
SPY,2015-04-02,172.1336
SPY,2015-04-09,174.1613
SPY,2015-04-16,174.3268
SPY,2015-04-23,174.2772
SPY,2015-04-30,172.1832
SPY,2015-05-07,173.822
SPY,2015-05-14,176.189
SPY,2015-05-21,176.0401
SPY,2015-05-28,175.3945
SPY,2015-06-04,174.5917
SPY,2015-06-11,174.2938
SPY,2015-06-18,175.0667
SPY,2015-06-25,172.5717
SPY,2015-07-02,170.1017
SPY,2015-07-09,175.1582
SPY,2015-07-16,175.7902
SPY,2015-07-23,175.2912
SPY,2015-07-30,174.7091
SPY,2015-08-06,173.7527
SPY,2015-08-13,173.2536
SPY,2015-08-20,161.7267
SPY,2015-08-27,162.5168
SPY,2015-09-03,162.0011
SPY,2015-09-10,166.4839
SPY,2015-09-17,161.8485
SPY,2015-09-24,160.2016
SPY,2015-10-01,166.7057
SPY,2015-10-08,166.6054
SPY,2015-10-15,168.7455
SPY,2015-10-22,174.6811
SPY,2015-10-29,175.8598
SPY,2015-11-05,173.6695
SPY,2015-11-12,174.4971
SPY,2015-11-19,174.9904
SPY,2015-11-26,174.3299
SPY,2015-12-03,171.6631
SPY,2015-12-10,173.9119
SPY,2015-12-17,173.2566
SPY,2015-12-24,173.1809
SPY,2015-12-31,167.2016
SPY,2016-01-07,158.8004
SPY,2016-01-14,156.1261
SPY,2016-01-21,158.2117
SPY,2016-01-28,160.8776
SPY,2016-02-04,155.8065
SPY,2016-02-11,162.2063
SPY,2016-02-18,162.4754
SPY,2016-02-25,167.353
SPY,2016-03-03,167.6726
SPY,2016-03-10,171.0028
SPY,2016-03-17,171.7749
SPY,2016-03-24,174.1503
SPY,2016-03-31,174.4884
SPY,2016-04-07,175.8239
SPY,2016-04-14,177.5991
SPY,2016-04-21,176.9651
SPY,2016-04-28,173.2964
SPY,2016-05-05,174.5559
SPY,2016-05-12,173.2119
SPY,2016-05-19,176.9059
SPY,2016-05-26,177.7427
SPY,2016-06-02,179.5179
SPY,2016-06-09,175.6126
SPY,2016-06-16,176.8232
SPY,2016-06-23,175.5996
SPY,2016-06-30,178.1488
SPY,2016-07-07,182.6182
SPY,2016-07-14,184.4621
SPY,2016-07-21,183.9778
SPY,2016-07-28,183.6888
SPY,2016-08-04,184.9294
SPY,2016-08-11,185.5497
SPY,2016-08-18,185.1079
SPY,2016-08-25,184.7085
SPY,2016-09-01,186.0935
SPY,2016-09-08,181.1143
SPY,2016-09-15,184.3093
SPY,2016-09-22,185.0096
SPY,2016-09-29,184.1471
SPY,2016-10-06,182.5074
SPY,2016-10-13,182.9941
SPY,2016-10-20,182.533
SPY,2016-10-27,179.117
SPY,2016-11-03,184.7875
SPY,2016-11-10,186.06
SPY,2016-11-17,188.4768
SPY,2016-11-24,188.2035
SPY,2016-12-01,191.8074
SPY,2016-12-08,192.9005
SPY,2016-12-15,193.943
SPY,2016-12-22,192.7661
SPY,2016-12-29,194.6387
SPY,2017-01-05,195.0854
SPY,2017-01-12,194.7848
SPY,2017-01-19,197.2073
SPY,2017-01-26,195.5322
SPY,2017-02-02,196.9238
SPY,2017-02-09,201.8031
SPY,2017-02-16,202.9714
SPY,2017-02-23,205.978
SPY,2017-03-02,203.2119
SPY,2017-03-09,205.265
SPY,2017-03-16,202.1289
SPY,2017-03-23,203.2159
SPY,2017-03-30,202.5602
SPY,2017-04-06,201.9131
SPY,2017-04-13,201.4041
SPY,2017-04-20,205.6834
SPY,2017-04-27,205.7525
SPY,2017-05-04,206.9517
SPY,2017-05-11,203.4575
SPY,2017-05-18,207.5901
SPY,2017-05-25,208.3062
SPY,2017-06-01,210.2216
SPY,2017-06-08,210.722
SPY,2017-06-15,210.6312
SPY,2017-06-22,211.0994
SPY,2017-06-29,210.4752
SPY,2017-07-06,211.5502
SPY,2017-07-13,214.1338
SPY,2017-07-20,214.5152
SPY,2017-07-27,214.5239
SPY,2017-08-03,214.3592
SPY,2017-08-10,214.0905
SPY,2017-08-17,212.0271
SPY,2017-08-24,213.2842
SPY,2017-08-31,214.0558
SPY,2017-09-07,216.8908
SPY,2017-09-14,217.8713
SPY,2017-09-21,217.8626
SPY,2017-09-28,220.5723
SPY,2017-10-05,222.1928
SPY,2017-10-12,222.8027
SPY,2017-10-19,222.428
SPY,2017-10-26,224.3448
SPY,2017-11-02,225.7563
SPY,2017-11-09,223.4301
SPY,2017-11-16,226.3227
SPY,2017-11-23,228.8929
SPY,2017-11-30,229.3548
SPY,2017-12-07,232.4129
SPY,2017-12-14,233.846
SPY,2017-12-21,234.1
SPY,2017-12-28,236.8586
SPY,2018-01-04,240.055
SPY,2018-01-11,244.8628
SPY,2018-01-18,247.9891
SPY,2018-01-25,246.8681
SPY,2018-02-01,234.4066
SPY,2018-02-08,236.0879
SPY,2018-02-15,236.4907
SPY,2018-02-22,237.892
SPY,2018-03-01,238.8815
SPY,2018-03-08,241.0883
SPY,2018-03-15,237.772
SPY,2018-03-22,228.4521
SPY,2018-03-29,231.7317
SPY,2018-04-05,231.9075
SPY,2018-04-12,237.7369
SPY,2018-04-19,231.7932
SPY,2018-04-26,231.4152
SPY,2018-05-03,236.9544
SPY,2018-05-10,239.3635
SPY,2018-05-17,240.3481
SPY,2018-05-24,239.6888
SPY,2018-05-31,243.9003
SPY,2018-06-07,244.4542
SPY,2018-06-14,243.7326
SPY,2018-06-21,237.8859
SPY,2018-06-28,239.2548
SPY,2018-07-05,244.5186
SPY,2018-07-12,248.228
SPY,2018-07-19,250.8334
SPY,2018-07-26,248.0513
SPY,2018-08-02,252.114
SPY,2018-08-09,248.8638
SPY,2018-08-16,252.7411
SPY,2018-08-23,257.4308
SPY,2018-08-30,255.267
SPY,2018-09-06,255.3465
SPY,2018-09-13,257.2011
SPY,2018-09-20,257.1766
SPY,2018-09-27,258.809
SPY,2018-10-04,246.903
SPY,2018-10-11,248.8105
SPY,2018-10-18,235.3874
SPY,2018-10-25,240.0984
SPY,2018-11-01,249.3073
SPY,2018-11-08,239.7169
SPY,2018-11-15,235.1212
SPY,2018-11-22,243.6027
SPY,2018-11-29,239.7612
SPY,2018-12-06,235.5116
SPY,2018-12-13,222.9136
SPY,2018-12-20,219.6821
SPY,2018-12-27,223.2516
SPY,2019-01-03,230.2031
SPY,2019-01-10,232.8891
SPY,2019-01-17,235.0576
SPY,2019-01-24,238.7787
SPY,2019-01-31,243.3832
SPY,2019-02-07,245.3911
SPY,2019-02-14,248.443
SPY,2019-02-21,249.148
SPY,2019-02-28,247.4793
SPY,2019-03-07,251.0576
SPY,2019-03-14,252.3517
SPY,2019-03-21,250.6488
SPY,2019-03-28,256.7166
SPY,2019-04-04,258.3928
SPY,2019-04-11,259.4324
SPY,2019-04-18,261.9242
SPY,2019-04-25,261.5476
SPY,2019-05-02,257.7115
SPY,2019-05-09,255.4977
SPY,2019-05-16,256.0086
SPY,2019-05-23,249.4118
SPY,2019-05-30,253.6155
SPY,2019-06-06,258.4824
SPY,2019-06-13,262.668
SPY,2019-06-20,261.6128
SPY,2019-06-27,269.1154
SPY,2019-07-04,268.9442
SPY,2019-07-11,268.1606
SPY,2019-07-18,271.4931
SPY,2019-07-25,267.8815
SPY,2019-08-01,259.3612
SPY,2019-08-08,255.6956
SPY,2019-08-15,263.3962
SPY,2019-08-22,260.1899
SPY,2019-08-29,264.8282
SPY,2019-09-05,270.4213
SPY,2019-09-12,271.1868
SPY,2019-09-19,269.2904
SPY,2019-09-26,260.6404
SPY,2019-10-03,263.5448
SPY,2019-10-10,269.9962
SPY,2019-10-17,271.3353
SPY,2019-10-24,275.1898
SPY,2019-10-31,277.868
SPY,2019-11-07,279.6777
SPY,2019-11-14,281.1888
SPY,2019-11-21,285.4504
SPY,2019-11-28,281.813
SPY,2019-12-05,284.4913
SPY,2019-12-12,289.1692
SPY,2019-12-19,292.082
SPY,2019-12-26,292.6548
SPY,2020-01-02,295.0099
SPY,2020-01-09,298.4106
SPY,2020-01-16,301.2746
SPY,2020-01-23,296.983
SPY,2020-01-30,302.6569
SPY,2020-02-06,306.803
SPY,2020-02-13,307.6395
SPY,2020-02-20,283.2349
SPY,2020-02-27,284.4715
SPY,2020-03-05,249.465
SPY,2020-03-12,218.2227
SPY,2020-03-19,225.7162
SPY,2020-03-26,225.1308
SPY,2020-04-02,250.6301
SPY,2020-04-09,254.0416
SPY,2020-04-16,255.2672
SPY,2020-04-23,268.1722
SPY,2020-04-30,259.9774
SPY,2020-05-07,257.5537
SPY,2020-05-14,271.5746
SPY,2020-05-21,277.6111
SPY,2020-05-28,285.5224
SPY,2020-06-04,291.76
SPY,2020-06-11,285.0467
SPY,2020-06-18,279.3471
SPY,2020-06-25,285.2539
SPY,2020-07-02,290.4533
SPY,2020-07-09,295.662
SPY,2020-07-16,300.2643
SPY,2020-07-23,298.666
SPY,2020-07-30,305.0872
SPY,2020-08-06,309.9835
SPY,2020-08-13,309.7906
SPY,2020-08-20,319.2893
SPY,2020-08-27,328.595
SPY,2020-09-03,312.1424
SPY,2020-09-10,311.2512
SPY,2020-09-17,297.5742
SPY,2020-09-24,308.8725
SPY,2020-10-01,314.2865
SPY,2020-10-08,320.8994
SPY,2020-10-15,316.1034
SPY,2020-10-22,301.2819
SPY,2020-10-29,316.8505
SPY,2020-11-05,328.9605
SPY,2020-11-12,328.6007
SPY,2020-11-19,334.485
SPY,2020-11-26,338.2942
SPY,2020-12-03,338.3495
SPY,2020-12-10,341.4116
SPY,2020-12-17,340.4587
SPY,2020-12-24,344.5526
SPY,2020-12-31,345.9976
SPY,2021-01-07,351.7774
SPY,2021-01-14,355.575
SPY,2021-01-21,346.7943
SPY,2021-01-28,353.6854
SPY,2021-02-04,361.3083
SPY,2021-02-11,363.448
SPY,2021-02-18,362.8737
SPY,2021-02-25,353.2871
SPY,2021-03-04,360.8453
SPY,2021-03-11,367.9588
SPY,2021-03-18,360.1128
SPY,2021-03-25,368.2998
SPY,2021-04-01,377.8342
SPY,2021-04-08,382.3504
SPY,2021-04-15,386.6436
SPY,2021-04-22,387.8796
SPY,2021-04-29,386.3463
SPY,2021-05-06,376.7376
SPY,2021-05-13,381.8021
SPY,2021-05-20,389.4315
SPY,2021-05-27,390.6023
SPY,2021-06-03,391.829
SPY,2021-06-10,392.2564
SPY,2021-06-17,393.9966
SPY,2021-06-24,399.0871
SPY,2021-07-01,405.0538
SPY,2021-07-08,406.7133
SPY,2021-07-15,405.1377
SPY,2021-07-22,409.1281
SPY,2021-07-29,409.2679
SPY,2021-08-05,413.743
SPY,2021-08-12,409.4544
SPY,2021-08-19,418.5258
SPY,2021-08-26,421.2202
SPY,2021-09-02,420.3904
SPY,2021-09-09,417.5655
SPY,2021-09-16,409.5315
SPY,2021-09-23,406.3421
SPY,2021-09-30,406.763
SPY,2021-10-07,407.0249
SPY,2021-10-14,423.1402
SPY,2021-10-21,424.5712
SPY,2021-10-28,434.6538
SPY,2021-11-04,433.6249
SPY,2021-11-11,437.8524
SPY,2021-11-18,439.0684
SPY,2021-11-25,421.3537
SPY,2021-12-02,439.1432
SPY,2021-12-09,440.1533
SPY,2021-12-16,438.9684
SPY,2021-12-23,448.1573
SPY,2021-12-30,439.616
SPY,2022-01-06,442.0939
SPY,2022-01-13,424.0072
SPY,2022-01-20,406.7655
SPY,2022-01-27,429.2634
SPY,2022-02-03,429.4418
SPY,2022-02-10,419.1736
SPY,2022-02-17,396.0374
SPY,2022-02-24,410.9985
SPY,2022-03-03,401.162
SPY,2022-03-10,408.8679
SPY,2022-03-17,417.8395
SPY,2022-03-24,431.868
SPY,2022-03-31,420.4004
SPY,2022-04-07,417.3783
SPY,2022-04-14,418.6963
SPY,2022-04-21,392.8615
SPY,2022-04-28,403.9618
SPY,2022-05-05,369.7758
SPY,2022-05-12,368.9379
SPY,2022-05-19,374.1255
SPY,2022-05-26,385.6308
SPY,2022-06-02,387.1653
SPY,2022-06-09,357.0184
SPY,2022-06-16,354.0125
SPY,2022-06-23,359.6386
SPY,2022-06-30,362.3902
SPY,2022-07-07,358.2107
SPY,2022-07-14,373.2831
SPY,2022-07-21,379.2119
SPY,2022-07-28,391.892
SPY,2022-08-04,397.1304
SPY,2022-08-11,403.428
SPY,2022-08-18,391.1544
SPY,2022-08-25,373.6708
SPY,2022-09-01,376.1294
SPY,2022-09-08,373.1224
SPY,2022-09-15,358.315
SPY,2022-09-22,351.8018
SPY,2022-09-29,358.0301
SPY,2022-10-06,338.5379
SPY,2022-10-13,349.8744
SPY,2022-10-20,362.711
SPY,2022-10-27,355.9224
SPY,2022-11-03,355.2198
SPY,2022-11-10,375.4622
SPY,2022-11-17,382.0799
SPY,2022-11-24,387.074
SPY,2022-12-01,373.2879
SPY,2022-12-08,379.2125
SPY,2022-12-15,368.3921
SPY,2022-12-22,359.2641
SPY,2022-12-29,366.0362
SPY,2023-01-05,377.253
SPY,2023-01-12,373.4092
SPY,2023-01-19,381.86
SPY,2023-01-26,391.8274
SPY,2023-02-02,391.6843
SPY,2023-02-09,394.8605
SPY,2023-02-16,380.1336
SPY,2023-02-23,376.5091
SPY,2023-03-02,380.496
SPY,2023-03-09,371.3013
SPY,2023-03-16,375.4279
SPY,2023-03-23,384.2748
SPY,2023-03-30,390.259
SPY,2023-04-06,390.6898
SPY,2023-04-13,396.5207
SPY,2023-04-20,387.1568
SPY,2023-04-27,390.6611
SPY,2023-05-04,395.2856
SPY,2023-05-11,397.5643
SPY,2023-05-18,393.6005
SPY,2023-05-25,400.0729
SPY,2023-06-01,408.4027
SPY,2023-06-08,418.5805
SPY,2023-06-15,417.9826
SPY,2023-06-22,419.3762
SPY,2023-06-29,425.8533
SPY,2023-07-06,428.6307
SPY,2023-07-13,437.4528
SPY,2023-07-20,437.7507
SPY,2023-07-27,432.5804
SPY,2023-08-03,428.3712
SPY,2023-08-10,422.4995
SPY,2023-08-17,425.7572
SPY,2023-08-24,433.4261
SPY,2023-08-31,428.8229
SPY,2023-09-07,429.1016
SPY,2023-09-14,423.0254
SPY,2023-09-21,410.8835
SPY,2023-09-28,409.543
SPY,2023-10-05,420.7879
SPY,2023-10-12,414.8954
SPY,2023-10-19,402.6861
SPY,2023-10-26,407.6142
SPY,2023-11-02,421.6848
SPY,2023-11-09,433.6723
SPY,2023-11-16,438.8221
SPY,2023-11-23,438.4268
SPY,2023-11-30,438.5715
SPY,2023-12-07,453.7511
SPY,2023-12-14,453.4218
SPY,2023-12-21,461.4104
SPY,2023-12-28,453.9351
SPY,2024-01-04,461.4588
SPY,2024-01-11,457.3242
SPY,2024-01-18,470.0091
SPY,2024-01-25,467.5786
SPY,2024-02-01,482.3163
SPY,2024-02-08,482.7714
SPY,2024-02-15,481.4545
SPY,2024-02-22,490.2177
SPY,2024-02-29,493.5971
SPY,2024-03-07,499.62
SPY,2024-03-14,505.553
SPY,2024-03-21,508.1659
SPY,2024-03-28,504.5137
SPY,2024-04-04,499.3754
SPY,2024-04-11,486.1945
SPY,2024-04-18,490.9152
SPY,2024-04-25,486.0003
SPY,2024-05-02,502.3573
SPY,2024-05-09,514.5864
SPY,2024-05-16,514.6349
SPY,2024-05-23,511.0118
SPY,2024-05-30,519.336
SPY,2024-06-06,525.8342
SPY,2024-06-13,532.7596
SPY,2024-06-20,531.5747
SPY,2024-06-27,537.3726
SPY,2024-07-04,546.9807
SPY,2024-07-11,542.7126
SPY,2024-07-18,527.4039
SPY,2024-07-25,536.7391
SPY,2024-08-01,505.4104
SPY,2024-08-08,529.8595
SPY,2024-08-15,546.2986
SPY,2024-08-22,544.0378
SPY,2024-08-29,536.8755
SPY,2024-09-05,540.2569
SPY,2024-09-12,547.0587
SPY,2024-09-19,557.1818
SPY,2024-09-26,556.0284
SPY,2024-10-03,564.1216
SPY,2024-10-10,569.1652
SPY,2024-10-17,564.9524
SPY,2024-10-24,566.9269
SPY,2024-10-31,577.708
SPY,2024-11-07,583.7194
SPY,2024-11-14,577.1802
SPY,2024-11-21,585.3223
SPY,2024-11-28,593.9531
SPY,2024-12-05,593.7576
SPY,2024-12-12,573.0554
SPY,2024-12-19,589.7148
SPY,2024-12-26,574.7879
SPY,2025-01-02,578.1323
SPY,2025-01-09,581.3589
SPY,2025-01-16,594.7557
SPY,2025-01-23,590.2149
SPY,2025-01-30,592.5785
SPY,2025-02-06,591.7349
SPY,2025-02-13,601.1206
SPY,2025-02-20,583.085
SPY,2025-02-27,571.8262
SPY,2025-03-06,548.1022
SPY,2025-03-13,556.2031
SPY,2025-03-20,559.3124
SPY,2025-03-27,555.3088
SPY,2025-04-03,539.6683
SPY,2025-04-10,517.0828
SPY,2025-04-17,526.6836
SPY,2025-04-24,545.4917
SPY,2025-05-01,551.9938
SPY,2025-05-08,578.0025
SPY,2025-05-15,573.3495
SPY,2025-05-22,578.1401
SPY,2025-05-29,586.2063
SPY,2025-06-05,591.5478
SPY,2025-06-12,587.6917
SPY,2025-06-19,598.9793
SPY,2025-06-26,612.1306
SPY,2025-07-03,615.6921
SPY,2025-07-10,615.85
SPY,2025-07-17,625.7061
SPY,2025-07-24,625.9527
SPY,2025-07-31,624.2952
SPY,2025-08-07,636.2429
SPY,2025-08-14,629.5537
SPY,2025-08-21,637.9595
SPY,2025-08-28,635.1083
SPY,2025-09-04,643.4647
SPY,2025-09-11,650.3412
SPY,2025-09-18,654.0437
SPY,2025-09-25,661.3154
SPY,2025-10-02,665.9255
SPY,2025-10-09,658.0703
SPY,2025-10-16,660.6722
SPY,2025-10-23,680.0532
SPY,2025-10-30,670.3478
SPY,2025-11-06,676.0859
SPY,2025-11-13,655.5574
SPY,2025-11-20,672.4255
SPY,2025-11-27,676.5906
SPY,2025-12-04,680.2313
SPY,2025-12-11,664.2338
SPY,2025-12-18,685.0295
SPY,2025-12-25,676.635
SPY,2026-01-01,684.2357
SPY,2026-01-08,685.0096
SPY,2026-01-15,680.088
SPY,2026-01-22,690.0303
SPY,2026-01-29,680.8719
SPY,2026-02-05,686.5972
SPY,2026-02-12,680.9711
SPY,2026-02-19,687.7781
SPY,2026-02-26,679.8201
SPY,2026-03-05,671.0884
SPY,2026-03-12,656.3038
SPY,2026-03-19,653.5095
SPY,2026-03-26,651.9374
SPY,2026-04-02,672.6027
SPY,2026-04-09,696.4121
SPY,2026-04-16,707.6253
SPY,2026-04-23,707.9934
SPY,2026-04-30,730.1313
SPY,2026-05-07,738.5685
SPY,2026-05-14,737.5139
SPY,2026-05-21,746.6774
SPY,2026-05-28,750.4384
SPY,2026-06-04,721.7736
SPY,2026-06-11,737.2253
SPY,2026-06-18,731.4237
SPY,2026-06-25,743.9127
SPY,2026-07-02,743.5536
SPY,2026-07-09,752.9403
SPY,2026-07-16,745.5586
SPY,2026-07-23,727.6531
SPY,2026-07-30,767.8832
SPY,2026-08-06,770.5765
SPY,2026-08-13,767.155
SPY,2026-08-20,764.1824
SPY,2026-08-27,763.2646
SPY,2026-09-03,760.5115
SPY,2026-09-10,752.1822
SPY,2026-09-17,767.81
SPY,2026-09-24,767.18
